-- phpMyAdmin SQL Dump
-- version 4.5.4.1deb2ubuntu2
-- http://www.phpmyadmin.net
--
-- Host: localhost
-- Generation Time: May 04, 2018 at 07:06 AM
-- Server version: 5.7.22-0ubuntu0.16.04.1
-- PHP Version: 7.0.28-0ubuntu0.16.04.1

SET SQL_MODE = "NO_AUTO_VALUE_ON_ZERO";
SET time_zone = "+00:00";


/*!40101 SET @OLD_CHARACTER_SET_CLIENT=@@CHARACTER_SET_CLIENT */;
/*!40101 SET @OLD_CHARACTER_SET_RESULTS=@@CHARACTER_SET_RESULTS */;
/*!40101 SET @OLD_COLLATION_CONNECTION=@@COLLATION_CONNECTION */;
/*!40101 SET NAMES utf8mb4 */;

--
-- Database: `wed_mojo`
--

-- --------------------------------------------------------

--
-- Table structure for table `attachments`
--

CREATE TABLE `attachments` (
  `id` int(11) NOT NULL,
  `feed_id` bigint(20) NOT NULL,
  `attachment` text NOT NULL,
  `attachment_type` bigint(20) NOT NULL COMMENT '1(video)/2(image)',
  `created_at` timestamp NOT NULL DEFAULT CURRENT_TIMESTAMP,
  `updated_at` timestamp NOT NULL DEFAULT CURRENT_TIMESTAMP ON UPDATE CURRENT_TIMESTAMP
) ENGINE=InnoDB DEFAULT CHARSET=latin1;

--
-- Dumping data for table `attachments`
--

INSERT INTO `attachments` (`id`, `feed_id`, `attachment`, `attachment_type`, `created_at`, `updated_at`) VALUES
(1, 1, '15253511300_IMG_20180412_203414.jpg', 2, '2018-05-03 12:38:50', '2018-05-03 12:38:50'),
(2, 1, '15253511301_Screenshot_2018-04-23-21-30-05-241_lockscreen.png', 2, '2018-05-03 12:38:50', '2018-05-03 12:38:50'),
(3, 1, '15253511302_IMG_20180327_191015_HDR.jpg', 2, '2018-05-03 12:38:50', '2018-05-03 12:38:50'),
(5, 3, '15253515310_IMG_20180408_202739.jpg', 2, '2018-05-03 12:45:31', '2018-05-03 12:45:31'),
(6, 4, '15253515830_IMG_20180226_120033_1524468669442.jpg', 2, '2018-05-03 12:46:23', '2018-05-03 12:46:23'),
(7, 4, '15253515831_IMG_20180327_191015_HDR.jpg', 2, '2018-05-03 12:46:23', '2018-05-03 12:46:23'),
(8, 5, '15253516680_kanya-poojan.jpg', 2, '2018-05-03 12:47:48', '2018-05-03 12:47:48'),
(9, 6, '15253517170_338fa03c268962234efda40066fe4862--modern-living-rooms-living-room-ideas.jpg', 2, '2018-05-03 12:48:37', '2018-05-03 12:48:37'),
(10, 7, '15253518500_IMG_20171002_104313.jpg', 2, '2018-05-03 12:50:50', '2018-05-03 12:50:50'),
(11, 7, '15253518501_IMG_20170929_111841.jpg', 2, '2018-05-03 12:50:50', '2018-05-03 12:50:50'),
(12, 7, '15253518502_IMG_20170924_165228.jpg', 2, '2018-05-03 12:50:50', '2018-05-03 12:50:50'),
(13, 7, '15253518503_IMG_20170924_164936.jpg', 2, '2018-05-03 12:50:50', '2018-05-03 12:50:50'),
(14, 8, '15253520670_1525352063.jpeg', 2, '2018-05-03 12:54:27', '2018-05-03 12:54:27'),
(16, 9, '15253521180_1525352116.jpeg', 2, '2018-05-03 12:55:18', '2018-05-03 12:55:18'),
(17, 10, '15253527930_kanya-poojan.jpg', 2, '2018-05-03 13:06:33', '2018-05-03 13:06:33'),
(18, 10, '15253527931_unnamed.jpg', 2, '2018-05-03 13:06:33', '2018-05-03 13:06:33'),
(19, 10, '15253527932_Benjamin-Moore-Suntan-Yellow-eating-nook-in-country-style-kitchen.-Kylie-M-E-design-and-paint-colour-expert-online-677x1024.jpg', 2, '2018-05-03 13:06:33', '2018-05-03 13:06:33'),
(20, 11, '15253532700_IMG-20180430-WA0002.jpg', 2, '2018-05-03 13:14:30', '2018-05-03 13:14:30'),
(21, 11, '15253532701_IMG-20180430-WA0003.jpg', 2, '2018-05-03 13:14:30', '2018-05-03 13:14:30'),
(22, 12, '15253539260_IMG_20170929_111841.jpg', 2, '2018-05-03 13:25:26', '2018-05-03 13:25:26'),
(23, 12, '15253539261_IMG_20171019_193811.jpg', 2, '2018-05-03 13:25:26', '2018-05-03 13:25:26'),
(36, 18, '15253577730_1525357771.jpeg', 2, '2018-05-03 14:29:33', '2018-05-03 14:29:33'),
(50, 23, '15253580850_1525358082.jpeg', 2, '2018-05-03 14:34:45', '2018-05-03 14:34:45'),
(53, 26, '15253588620_1525358861.jpeg', 2, '2018-05-03 14:47:42', '2018-05-03 14:47:42'),
(54, 27, '15253678180_IMG_20180412_204053.jpg', 2, '2018-05-03 17:16:58', '2018-05-03 17:16:58'),
(59, 30, '15254162270_IMG_20180502_084118.jpg', 2, '2018-05-04 06:43:47', '2018-05-04 06:43:47'),
(60, 31, '15254162540_IMG_20180502_084105.jpg', 2, '2018-05-04 06:44:14', '2018-05-04 06:44:14'),
(61, 31, '15254162541_IMG_20180502_084118.jpg', 2, '2018-05-04 06:44:14', '2018-05-04 06:44:14'),
(62, 32, '15254172210_IMG_20170929_111841.jpg', 2, '2018-05-04 07:00:21', '2018-05-04 07:00:21'),
(63, 32, '15254172211_IMG_20180409_182021.jpg', 2, '2018-05-04 07:00:21', '2018-05-04 07:00:21'),
(64, 32, '15254172212_IMG_20180408_202739.jpg', 2, '2018-05-04 07:00:21', '2018-05-04 07:00:21'),
(65, 32, '15254172213_IMG_20180412_203414.jpg', 2, '2018-05-04 07:00:21', '2018-05-04 07:00:21'),
(66, 32, '15254172214_IMG_20170929_111841.jpg', 2, '2018-05-04 07:00:21', '2018-05-04 07:00:21'),
(67, 33, '15254173190_IMG_20170929_111841.jpg', 2, '2018-05-04 07:01:59', '2018-05-04 07:01:59'),
(68, 33, '15254173191_IMG_20180409_182021.jpg', 2, '2018-05-04 07:01:59', '2018-05-04 07:01:59'),
(69, 33, '15254173192_IMG_20180408_202739.jpg', 2, '2018-05-04 07:01:59', '2018-05-04 07:01:59'),
(70, 33, '15254173193_IMG_20180412_203414.jpg', 2, '2018-05-04 07:01:59', '2018-05-04 07:01:59'),
(71, 33, '15254173194_IMG_20170929_111841.jpg', 2, '2018-05-04 07:01:59', '2018-05-04 07:01:59'),
(72, 33, '15254173195_IMG_20180409_182021.jpg', 2, '2018-05-04 07:01:59', '2018-05-04 07:01:59'),
(73, 33, '15254173196_IMG_20180408_202739.jpg', 2, '2018-05-04 07:01:59', '2018-05-04 07:01:59'),
(74, 33, '15254173197_IMG_20180412_203414.jpg', 2, '2018-05-04 07:01:59', '2018-05-04 07:01:59'),
(75, 33, '15254173198_IMG_20170929_111841.jpg', 2, '2018-05-04 07:01:59', '2018-05-04 07:01:59');

-- --------------------------------------------------------

--
-- Table structure for table `contacts`
--

CREATE TABLE `contacts` (
  `id` int(11) NOT NULL,
  `contact_name` varchar(255) NOT NULL,
  `contact_number` varchar(255) NOT NULL,
  `user_id` bigint(20) NOT NULL,
  `created_at` timestamp NOT NULL DEFAULT CURRENT_TIMESTAMP,
  `updated_at` timestamp NOT NULL DEFAULT CURRENT_TIMESTAMP ON UPDATE CURRENT_TIMESTAMP
) ENGINE=InnoDB DEFAULT CHARSET=latin1;

--
-- Dumping data for table `contacts`
--

INSERT INTO `contacts` (`id`, `contact_name`, `contact_number`, `user_id`, `created_at`, `updated_at`) VALUES
(1, 'John Appleseed', '8885555512', 4, '2018-04-30 08:21:53', '2018-04-30 08:21:53'),
(2, 'Kate Bell', '5555648583', 4, '2018-04-30 08:21:53', '2018-04-30 08:21:53'),
(3, 'Anna Haro', '5555228243', 4, '2018-04-30 08:21:53', '2018-04-30 08:21:53'),
(4, 'Anna Haro', '5555228243', 4, '2018-04-30 08:21:53', '2018-04-30 08:21:53'),
(5, 'Daniel Higgins', '5554787672', 4, '2018-04-30 08:21:53', '2018-04-30 08:21:53'),
(6, 'UIDAI', '1800-300-1947', 16, '2018-05-01 12:49:31', '2018-05-01 12:49:31'),
(7, 'Distress Number', '112', 16, '2018-05-01 12:49:31', '2018-05-01 12:49:31'),
(8, 'Distress Number', '112', 23, '2018-05-01 15:40:15', '2018-05-01 15:40:15'),
(9, 'UIDAI', '1800-300-1947', 23, '2018-05-01 15:40:15', '2018-05-01 15:40:15'),
(10, 'John Appleseed', '8885555512', 62, '2018-05-01 16:06:27', '2018-05-01 16:06:27'),
(11, 'Kate Bell', '5555648583', 62, '2018-05-01 16:06:27', '2018-05-01 16:06:27'),
(12, 'Anna Haro', '5555228243', 62, '2018-05-01 16:06:27', '2018-05-01 16:06:27'),
(13, 'Daniel Higgins', '5554787672', 62, '2018-05-01 16:06:27', '2018-05-01 16:06:27'),
(14, 'Ankit Fluper', '95364 60463', 23, '2018-05-01 20:39:55', '2018-05-01 20:39:55'),
(15, 'Geetu Noida', '+918218054772', 23, '2018-05-01 20:39:55', '2018-05-01 20:39:55'),
(16, 'Vandu', '+917017768076', 23, '2018-05-01 20:39:55', '2018-05-01 20:39:55'),
(17, 'Neeraj Jio', '+918218860272', 23, '2018-05-01 20:39:55', '2018-05-01 20:39:55'),
(18, 'Pawan Manacle', '9821565519', 23, '2018-05-01 20:39:55', '2018-05-01 20:39:55'),
(19, 'Geet Aircel', '+91 75 03 291749', 23, '2018-05-01 20:39:55', '2018-05-01 20:39:55'),
(20, 'Sandeep Winklix', '9650823360', 23, '2018-05-01 20:39:55', '2018-05-01 20:39:55'),
(21, 'Ravinder', '+91 99972 87759', 23, '2018-05-01 20:39:55', '2018-05-01 20:39:55'),
(22, 'Ravinder', '+919997287759', 23, '2018-05-01 20:39:55', '2018-05-01 20:39:55'),
(23, 'Anita Bhabhi Ji', '+917302779245', 23, '2018-05-01 20:39:55', '2018-05-01 20:39:55'),
(24, 'Rohit Bhai Winklix', '+918802272531', 23, '2018-05-01 20:39:55', '2018-05-01 20:39:55'),
(25, 'Babita Bhabhi Santosh', '74094 37046', 23, '2018-05-01 20:39:55', '2018-05-01 20:39:55'),
(26, 'Manku', '+91 89798 90269', 23, '2018-05-01 20:39:55', '2018-05-01 20:39:55'),
(27, 'Bhupi Kandari Bhai (Pokhri)', '+919720230243', 23, '2018-05-01 20:39:55', '2018-05-01 20:39:55'),
(28, 'Naveen Sir Manacle', '99680 48983', 23, '2018-05-01 20:39:55', '2018-05-01 20:39:55'),
(29, 'Saterdr Painter', '99174 73202', 23, '2018-05-01 20:39:55', '2018-05-01 20:39:55'),
(30, 'Naveen Sir Manacle', '9968048983', 23, '2018-05-01 20:39:55', '2018-05-01 20:39:55'),
(31, 'Neetu Premnagar', '98089 79782', 23, '2018-05-01 20:39:55', '2018-05-01 20:39:55'),
(32, 'Sanjeev Kumar', '9889610148', 23, '2018-05-01 20:39:55', '2018-05-01 20:39:55'),
(33, 'Durgesh Roomie', '99535 04928', 23, '2018-05-01 20:39:55', '2018-05-01 20:39:55'),
(34, 'Durgesh Sgrr', '+919411364050', 23, '2018-05-01 20:39:55', '2018-05-01 20:39:55'),
(35, 'Shahil Manacle', '+919899230068', 23, '2018-05-01 20:39:55', '2018-05-01 20:39:55'),
(36, 'Abhijeet', '+919599212264', 23, '2018-05-01 20:39:55', '2018-05-01 20:39:55'),
(37, 'Rishabh', '97930 18251', 23, '2018-05-01 20:39:55', '2018-05-01 20:39:55'),
(38, 'Sandu Bhatwari', '+918126600919', 23, '2018-05-01 20:39:55', '2018-05-01 20:39:55'),
(39, 'Satendra Painter', '+91 99174 73202', 23, '2018-05-01 20:39:55', '2018-05-01 20:39:55'),
(40, 'Ana Geet Di', '+91 95575 48873', 23, '2018-05-01 20:39:55', '2018-05-01 20:39:55'),
(41, 'Otp', '92 65 70', 23, '2018-05-01 20:39:55', '2018-05-01 20:39:55'),
(42, 'Yashu', '+91 82858 51581', 23, '2018-05-01 20:39:55', '2018-05-01 20:39:55'),
(43, 'Naseem Negi', '96 27 394302', 23, '2018-05-01 20:39:55', '2018-05-01 20:39:55'),
(44, 'Navneet Akshrdham', '+918077636490', 23, '2018-05-01 20:39:55', '2018-05-01 20:39:55'),
(45, 'Musa Bhatwari', '+919971785898', 23, '2018-05-01 20:39:55', '2018-05-01 20:39:55'),
(46, 'Pardeep Winklix', '8860122100', 23, '2018-05-01 20:39:55', '2018-05-01 20:39:55'),
(47, 'Musa Bhatwari', '+91 99717 85898', 23, '2018-05-01 20:39:55', '2018-05-01 20:39:55'),
(48, 'Aashu Balawala', '+917028027791', 23, '2018-05-01 20:39:55', '2018-05-01 20:39:55'),
(49, 'Rakesh Rai', '+91 92894 17906', 23, '2018-05-01 20:39:55', '2018-05-01 20:39:55'),
(50, 'Santosh Bhai', '+91 70604 99724', 23, '2018-05-01 20:39:55', '2018-05-01 20:39:55'),
(51, 'Aalok Manacle', '+918447014635', 23, '2018-05-01 20:39:55', '2018-05-01 20:39:55'),
(52, 'Satendra Painter', '9917473202', 23, '2018-05-01 20:39:55', '2018-05-01 20:39:55'),
(53, 'Babita Bhabhi Santosh', '7409437046', 23, '2018-05-01 20:39:55', '2018-05-01 20:39:55'),
(54, 'Sanday Chauhan', '+91 95714 59203', 23, '2018-05-01 20:39:55', '2018-05-01 20:39:55'),
(55, 'Salilesh Room', '+91 70652 74576', 23, '2018-05-01 20:39:55', '2018-05-01 20:39:55'),
(56, 'Anki Bhula', '+917060477254', 23, '2018-05-01 20:39:55', '2018-05-01 20:39:55'),
(57, 'GOLU', '+919557299071', 23, '2018-05-01 20:39:55', '2018-05-01 20:39:55'),
(58, 'Alok Sukhla', '+918950476398', 23, '2018-05-01 20:39:55', '2018-05-01 20:39:55'),
(59, 'Amita Bhuli', '+91 99274 98030', 23, '2018-05-01 20:39:55', '2018-05-01 20:39:55'),
(60, 'Yamna', '+919999603133', 23, '2018-05-01 20:39:55', '2018-05-01 20:39:55'),
(61, 'Gopal Sir', '94566 32464', 23, '2018-05-01 20:39:55', '2018-05-01 20:39:55'),
(62, 'Vandana Didi', '+918126807944', 23, '2018-05-01 20:39:55', '2018-05-01 20:39:55'),
(63, 'Monu Bhai', '+919654049559', 23, '2018-05-01 20:39:55', '2018-05-01 20:39:55'),
(64, 'Rakesh Rai', '+919289417906', 23, '2018-05-01 20:39:55', '2018-05-01 20:39:55'),
(65, 'Vandana Didi', '+91 81268 07944', 23, '2018-05-01 20:39:55', '2018-05-01 20:39:55'),
(66, 'Rinki Bhuli', '90844 50336', 23, '2018-05-01 20:39:55', '2018-05-01 20:39:55'),
(67, 'Kamal', '+91 89092 32090', 23, '2018-05-01 20:39:55', '2018-05-01 20:39:55'),
(68, 'Vahida Om Hr', '+919582596163', 23, '2018-05-01 20:39:55', '2018-05-01 20:39:55'),
(69, 'Anu Bhula', '+919458372507', 23, '2018-05-01 20:39:55', '2018-05-01 20:39:55'),
(70, 'Gopal Sir', '9456632464', 23, '2018-05-01 20:39:55', '2018-05-01 20:39:55'),
(71, 'Sangeeta Uniyal', '98733 09662', 23, '2018-05-01 20:39:55', '2018-05-01 20:39:55'),
(72, 'Sanjeev Kumar', '98896 10148', 23, '2018-05-01 20:39:55', '2018-05-01 20:39:55'),
(73, 'Praveen Bhula', '9536310279', 23, '2018-05-01 20:39:55', '2018-05-01 20:39:55'),
(74, 'Seema Dehradun', '8171974673', 23, '2018-05-01 20:39:55', '2018-05-01 20:39:55'),
(75, 'Roopa', '+91 84048 98700', 23, '2018-05-01 20:39:55', '2018-05-01 20:39:55'),
(76, 'Roopak Bhai Manacle', '+919015254823', 23, '2018-05-01 20:39:55', '2018-05-01 20:39:55'),
(77, 'neeraj voda', '96 39 100578', 23, '2018-05-01 20:39:55', '2018-05-01 20:39:55'),
(78, 'Durgesh Sgrr', '+91 94113 64050', 23, '2018-05-01 20:39:55', '2018-05-01 20:39:55'),
(79, 'Mukesh Rauthan Ji', '+918057566198', 23, '2018-05-01 20:39:55', '2018-05-01 20:39:55'),
(80, 'Sanday Chauhan', '+919571459203', 23, '2018-05-01 20:39:55', '2018-05-01 20:39:55'),
(81, 'Yashu', '+918285851581', 23, '2018-05-01 20:39:55', '2018-05-01 20:39:55'),
(82, 'Epixel', '+91 78349 73357', 23, '2018-05-01 20:39:55', '2018-05-01 20:39:55'),
(83, 'Yamna', '+91 99996 03133', 23, '2018-05-01 20:39:55', '2018-05-01 20:39:55'),
(84, 'Bhupi Lala', '+91 96346 07563', 23, '2018-05-01 20:39:55', '2018-05-01 20:39:55'),
(85, 'Anita Bhabhi Ji', '+91 73027 79245', 23, '2018-05-01 20:39:55', '2018-05-01 20:39:55'),
(86, 'Geeta Gio', '+919210201489', 23, '2018-05-01 20:39:55', '2018-05-01 20:39:55'),
(87, 'Komal', '8384868578', 23, '2018-05-01 20:39:55', '2018-05-01 20:39:55'),
(88, 'Roopa', '+918404898700', 23, '2018-05-01 20:39:55', '2018-05-01 20:39:55'),
(89, 'Ajay Thakur', '9560607953', 23, '2018-05-01 20:39:55', '2018-05-01 20:39:55'),
(90, 'Aalok Manacle', '+91 84470 14635', 23, '2018-05-01 20:39:55', '2018-05-01 20:39:55'),
(91, 'Abhijeet', '+91 95992 12264', 23, '2018-05-01 20:39:55', '2018-05-01 20:39:55'),
(92, 'Alok Sukhla', '+91 89504 76398', 23, '2018-05-01 20:39:55', '2018-05-01 20:39:55'),
(93, 'Ana Geet Di', '+919557548873', 23, '2018-05-01 20:39:55', '2018-05-01 20:39:55'),
(94, 'GOLU', '+91 95572 99071', 23, '2018-05-01 20:39:55', '2018-05-01 20:39:55'),
(95, 'Anu Bhula', '+91 94583 72507', 23, '2018-05-01 20:39:55', '2018-05-01 20:39:55'),
(96, 'Kamal', '+918909232090', 23, '2018-05-01 20:39:55', '2018-05-01 20:39:55'),
(97, 'Satendra Bhaiya', '+919411577525', 23, '2018-05-01 20:39:55', '2018-05-01 20:39:55'),
(98, 'vishu', '8445709335', 23, '2018-05-01 20:39:55', '2018-05-01 20:39:55'),
(99, 'Anil Bhai Delhi', '+917042244419', 23, '2018-05-01 20:39:55', '2018-05-01 20:39:55'),
(100, 'Swati Dehradun', '+917409626234', 23, '2018-05-01 20:39:55', '2018-05-01 20:39:55'),
(101, 'Durgesh Roomie', '9953504928', 23, '2018-05-01 20:39:55', '2018-05-01 20:39:55'),
(102, 'Pinky Banglor', '+91 81268 72035', 23, '2018-05-01 20:39:55', '2018-05-01 20:39:55'),
(103, 'vishu', '84 70 817278', 23, '2018-05-01 20:39:55', '2018-05-01 20:39:55'),
(104, 'Codeflies', '+91 120 451 5124', 23, '2018-05-01 20:39:55', '2018-05-01 20:39:55'),
(105, 'Seema Dehradun', '81719 74673', 23, '2018-05-01 20:39:55', '2018-05-01 20:39:55'),
(106, 'Nawal', '9528222208', 23, '2018-05-01 20:39:55', '2018-05-01 20:39:55'),
(107, 'Sandu Bhatwari', '+91 81266 00919', 23, '2018-05-01 20:39:55', '2018-05-01 20:39:55'),
(108, 'geetvoda', '+91 96278 10856', 23, '2018-05-01 20:39:55', '2018-05-01 20:39:55'),
(109, 'Swati Dehradun', '+91 74096 26234', 23, '2018-05-01 20:39:55', '2018-05-01 20:39:55'),
(110, 'Pinky Banglor', '+918126872035', 23, '2018-05-01 20:39:55', '2018-05-01 20:39:55'),
(111, 'neeraj voda', '9639100578', 23, '2018-05-01 20:39:55', '2018-05-01 20:39:55'),
(112, 'Umesh Sir', '+91 99110 18869', 23, '2018-05-01 20:39:55', '2018-05-01 20:39:55'),
(113, 'geetvoda', '+919627810856', 23, '2018-05-01 20:39:55', '2018-05-01 20:39:55'),
(114, 'Praveen Bhula', '95363 10279', 23, '2018-05-01 20:39:55', '2018-05-01 20:39:55'),
(115, 'Satendra Bhaiya', '+91 94115 77525', 23, '2018-05-01 20:39:55', '2018-05-01 20:39:55'),
(116, 'Umesh Sir', '+919911018869', 23, '2018-05-01 20:39:55', '2018-05-01 20:39:55'),
(117, 'Manku', '+918979890269', 23, '2018-05-01 20:39:55', '2018-05-01 20:39:55'),
(118, 'Bhupi Kandari Bhai (Pokhri)', '+91 97202 30243', 23, '2018-05-01 20:39:55', '2018-05-01 20:39:55'),
(119, 'Mukesh Rauthan Ji', '+91 80575 66198', 23, '2018-05-01 20:39:55', '2018-05-01 20:39:55'),
(120, 'Naseem Negi', '9627394302', 23, '2018-05-01 20:39:55', '2018-05-01 20:39:55'),
(121, 'Tai Ji Patyu', '+91 89589 53092', 23, '2018-05-01 20:39:55', '2018-05-01 20:39:55'),
(122, 'Neetu Premnagar', '9808979782', 23, '2018-05-01 20:39:55', '2018-05-01 20:39:55'),
(123, 'vishu', '84 45 709335', 23, '2018-05-01 20:39:55', '2018-05-01 20:39:55'),
(124, 'Rishabh', '9793018251', 23, '2018-05-01 20:39:55', '2018-05-01 20:39:55'),
(125, 'Shahil Manacle', '+91 98992 30068', 23, '2018-05-01 20:39:55', '2018-05-01 20:39:55'),
(126, 'John Appleseed', '8885555512', 72, '2018-05-02 09:49:48', '2018-05-02 09:49:48'),
(127, 'Kate Bell', '5555648583', 72, '2018-05-02 09:49:48', '2018-05-02 09:49:48'),
(128, 'Anna Haro', '5555228243', 72, '2018-05-02 09:49:48', '2018-05-02 09:49:48'),
(129, 'Daniel Higgins', '5554787672', 72, '2018-05-02 09:49:48', '2018-05-02 09:49:48'),
(130, 'Kritika', '094100 66667', 65, '2018-05-02 13:44:33', '2018-05-02 13:44:33'),
(131, 'MessiA', '97979 79797', 65, '2018-05-02 13:44:33', '2018-05-02 13:44:33'),
(132, 'Mehoro 1', '77777 77777', 65, '2018-05-02 13:44:33', '2018-05-02 13:44:33'),
(133, 'Messia A', '90050 02964', 65, '2018-05-02 13:44:33', '2018-05-02 13:44:33'),
(134, 'Gopal', '94566 32464', 65, '2018-05-02 13:44:33', '2018-05-02 13:44:33'),
(135, 'Test', '9873122412', 65, '2018-05-02 13:44:33', '2018-05-02 13:44:33'),
(136, 'Mehoro 2', '88888 88888', 65, '2018-05-02 13:44:33', '2018-05-02 13:44:33'),
(137, 'User Test Mehoro', '9873122411', 65, '2018-05-02 13:44:33', '2018-05-02 13:44:33'),
(138, 'Hello', '087559 46332', 65, '2018-05-02 13:44:33', '2018-05-02 13:44:33'),
(139, 'Messia B', '93939 39393', 65, '2018-05-02 13:44:33', '2018-05-02 13:44:33'),
(140, 'Vivek', '89791 43143', 65, '2018-05-02 13:44:33', '2018-05-02 13:44:33'),
(141, 'MessiB', '96969 69696', 65, '2018-05-02 13:44:33', '2018-05-02 13:44:33'),
(142, 'Dev', '7983852780', 65, '2018-05-02 13:44:33', '2018-05-02 13:44:33'),
(143, 'Dummy', '99999 99999', 65, '2018-05-02 13:44:33', '2018-05-02 13:44:33'),
(144, 'Kritika', '94100 66667', 65, '2018-05-02 13:44:33', '2018-05-02 13:44:33'),
(145, 'Test', '9873122410', 65, '2018-05-02 13:44:33', '2018-05-02 13:44:33'),
(146, 'Sm', '9292929292', 65, '2018-05-02 13:44:33', '2018-05-02 13:44:33'),
(147, 'Messia B', '9393939393', 65, '2018-05-02 14:04:15', '2018-05-02 14:04:15'),
(148, 'User Mejoro', '8979635404', 65, '2018-05-02 14:04:15', '2018-05-02 14:04:15'),
(149, 'Messia 2', '+919005002961', 65, '2018-05-02 14:04:15', '2018-05-02 14:04:15'),
(150, 'Ef', '9005005000', 65, '2018-05-02 14:04:15', '2018-05-02 14:04:15'),
(151, 'MessiA', '9005002961', 65, '2018-05-02 14:04:15', '2018-05-02 14:04:15'),
(152, 'Shubham', '8285453910', 65, '2018-05-02 14:04:15', '2018-05-02 14:04:15'),
(153, 'Distress Number', '112', 65, '2018-05-02 14:04:15', '2018-05-02 14:04:15'),
(154, 'Messia 1', '09005002961', 65, '2018-05-02 14:04:15', '2018-05-02 14:04:15'),
(155, 'User 2', '+919595959595', 65, '2018-05-02 14:04:15', '2018-05-02 14:04:15'),
(156, 'Usser', '9873122410', 65, '2018-05-02 14:04:15', '2018-05-02 14:04:15'),
(157, 'UIDAI', '1800-300-1947', 65, '2018-05-02 14:04:15', '2018-05-02 14:04:15'),
(158, 'User 3', '9393939393', 65, '2018-05-02 14:04:15', '2018-05-02 14:04:15'),
(159, 'Vdhd', '8979635405', 65, '2018-05-02 14:04:15', '2018-05-02 14:04:15'),
(160, 'Salilesh Room', '+91 70652 74576', 78, '2018-05-02 19:37:14', '2018-05-02 19:37:14'),
(161, 'Geet Aircel', '+91 75 03 291749', 78, '2018-05-02 19:37:14', '2018-05-02 19:37:14'),
(162, 'Saterdr Painter', '99174 73202', 78, '2018-05-02 19:37:14', '2018-05-02 19:37:14'),
(163, 'Gopal Sir', '9456632464', 78, '2018-05-02 19:37:14', '2018-05-02 19:37:14'),
(164, 'Codeflies', '+91 120 451 5124', 78, '2018-05-02 19:37:14', '2018-05-02 19:37:14'),
(165, 'vishu', '84 45 709335', 78, '2018-05-02 19:37:14', '2018-05-02 19:37:14'),
(166, 'Satendra Painter', '9917473202', 78, '2018-05-02 19:37:14', '2018-05-02 19:37:14'),
(167, 'Abhijeet', '+91 95992 12264', 78, '2018-05-02 19:37:14', '2018-05-02 19:37:14'),
(168, 'Alok Sukhla', '+91 89504 76398', 78, '2018-05-02 19:37:14', '2018-05-02 19:37:14'),
(169, 'Rohit Bhai Winklix', '+918802272531', 78, '2018-05-02 19:37:14', '2018-05-02 19:37:14'),
(170, 'Roopak Bhai Manacle', '+919015254823', 78, '2018-05-02 19:37:14', '2018-05-02 19:37:14'),
(171, 'Navneet Akshrdham', '+918077636490', 78, '2018-05-02 19:37:14', '2018-05-02 19:37:14'),
(172, 'Sanday Chauhan', '+91 95714 59203', 78, '2018-05-02 19:37:14', '2018-05-02 19:37:14'),
(173, 'Gopal Sir', '94566 32464', 78, '2018-05-02 19:37:14', '2018-05-02 19:37:14'),
(174, 'Aalok Manacle', '+91 84470 14635', 78, '2018-05-02 19:37:14', '2018-05-02 19:37:14'),
(175, 'Kamal', '+918909232090', 78, '2018-05-02 19:37:14', '2018-05-02 19:37:14'),
(176, 'Umesh Sir', '+91 99110 18869', 78, '2018-05-02 19:37:14', '2018-05-02 19:37:14'),
(177, 'Sandeep Winklix', '9650823360', 78, '2018-05-02 19:37:14', '2018-05-02 19:37:14'),
(178, 'geetvoda', '+91 96278 10856', 78, '2018-05-02 19:37:14', '2018-05-02 19:37:14'),
(179, 'Ajay Thakur', '9560607953', 78, '2018-05-02 19:37:14', '2018-05-02 19:37:14'),
(180, 'vishu', '84 70 817278', 78, '2018-05-02 19:37:14', '2018-05-02 19:37:14'),
(181, 'geetvoda', '+919627810856', 78, '2018-05-02 19:37:14', '2018-05-02 19:37:14'),
(182, 'Komal', '8384868578', 78, '2018-05-02 19:37:14', '2018-05-02 19:37:14'),
(183, 'Aashu Balawala', '+917028027791', 78, '2018-05-02 19:37:14', '2018-05-02 19:37:14'),
(184, 'Sandu Bhatwari', '+918126600919', 78, '2018-05-02 19:37:14', '2018-05-02 19:37:14'),
(185, 'Santosh Bhai', '+91 70604 99724', 78, '2018-05-02 19:37:14', '2018-05-02 19:37:14'),
(186, 'Pinky Banglor', '+91 81268 72035', 78, '2018-05-02 19:37:14', '2018-05-02 19:37:14'),
(187, 'Rakesh Rai', '+919289417906', 78, '2018-05-02 19:37:14', '2018-05-02 19:37:14'),
(188, 'Anu Bhula', '+91 94583 72507', 78, '2018-05-02 19:37:14', '2018-05-02 19:37:14'),
(189, 'Kamal', '+91 89092 32090', 78, '2018-05-02 19:37:14', '2018-05-02 19:37:14'),
(190, 'Manku', '+91 89798 90269', 78, '2018-05-02 19:37:14', '2018-05-02 19:37:14'),
(191, 'Yamna', '+919999603133', 78, '2018-05-02 19:37:14', '2018-05-02 19:37:14'),
(192, 'Yamna', '+91 99996 03133', 78, '2018-05-02 19:37:14', '2018-05-02 19:37:14'),
(193, 'neeraj voda', '96 39 100578', 78, '2018-05-02 19:37:14', '2018-05-02 19:37:14'),
(194, 'Pardeep Winklix', '8860122100', 78, '2018-05-02 19:37:14', '2018-05-02 19:37:14'),
(195, 'Satendra Bhaiya', '+919411577525', 78, '2018-05-02 19:37:14', '2018-05-02 19:37:14'),
(196, 'Abhijeet', '+919599212264', 78, '2018-05-02 19:37:14', '2018-05-02 19:37:14'),
(197, 'Umesh Sir', '+919911018869', 78, '2018-05-02 19:37:14', '2018-05-02 19:37:14'),
(198, 'Otp', '92 65 70', 78, '2018-05-02 19:37:14', '2018-05-02 19:37:14'),
(199, 'Sanday Chauhan', '+919571459203', 78, '2018-05-02 19:37:14', '2018-05-02 19:37:14'),
(200, 'Anita Bhabhi Ji', '+917302779245', 78, '2018-05-02 19:37:14', '2018-05-02 19:37:14'),
(201, 'Anu Bhula', '+919458372507', 78, '2018-05-02 19:37:14', '2018-05-02 19:37:14'),
(202, 'Alok Sukhla', '+918950476398', 78, '2018-05-02 19:37:14', '2018-05-02 19:37:14'),
(203, 'Roopa', '+918404898700', 78, '2018-05-02 19:37:14', '2018-05-02 19:37:14'),
(204, 'Monu Bhai', '+919654049559', 78, '2018-05-02 19:37:14', '2018-05-02 19:37:14'),
(205, 'Neetu Premnagar', '98089 79782', 78, '2018-05-02 19:37:14', '2018-05-02 19:37:14'),
(206, 'Nawal', '9528222208', 78, '2018-05-02 19:37:14', '2018-05-02 19:37:14'),
(207, 'GOLU', '+919557299071', 78, '2018-05-02 19:37:14', '2018-05-02 19:37:14'),
(208, 'Rakesh Rai', '+91 92894 17906', 78, '2018-05-02 19:37:14', '2018-05-02 19:37:14'),
(209, 'Praveen Bhula', '9536310279', 78, '2018-05-02 19:37:14', '2018-05-02 19:37:14'),
(210, 'Ana Geet Di', '+91 95575 48873', 78, '2018-05-02 19:37:14', '2018-05-02 19:37:14'),
(211, 'Musa Bhatwari', '+919971785898', 78, '2018-05-02 19:37:14', '2018-05-02 19:37:14'),
(212, 'Anki Bhula', '+917060477254', 78, '2018-05-02 19:37:14', '2018-05-02 19:37:14'),
(213, 'Seema Dehradun', '8171974673', 78, '2018-05-02 19:37:14', '2018-05-02 19:37:14'),
(214, 'Vandana Didi', '+91 81268 07944', 78, '2018-05-02 19:37:14', '2018-05-02 19:37:14'),
(215, 'Musa Bhatwari', '+91 99717 85898', 78, '2018-05-02 19:37:14', '2018-05-02 19:37:14'),
(216, 'Swati Dehradun', '+91 74096 26234', 78, '2018-05-02 19:37:14', '2018-05-02 19:37:14'),
(217, 'Shahil Manacle', '+91 98992 30068', 78, '2018-05-02 19:37:14', '2018-05-02 19:37:14'),
(218, 'Naveen Sir Manacle', '9968048983', 78, '2018-05-02 19:37:14', '2018-05-02 19:37:14'),
(219, 'Pawan Manacle', '9821565519', 78, '2018-05-02 19:37:14', '2018-05-02 19:37:14'),
(220, 'Amita Bhuli', '+91 99274 98030', 78, '2018-05-02 19:37:14', '2018-05-02 19:37:14'),
(221, 'Naseem Negi', '96 27 394302', 78, '2018-05-02 19:37:14', '2018-05-02 19:37:14'),
(222, 'Epixel', '+91 78349 73357', 78, '2018-05-02 19:37:14', '2018-05-02 19:37:14'),
(223, 'Seema Dehradun', '81719 74673', 78, '2018-05-02 19:37:14', '2018-05-02 19:37:14'),
(224, 'Naveen Sir Manacle', '99680 48983', 78, '2018-05-02 19:37:14', '2018-05-02 19:37:14'),
(225, 'Durgesh Roomie', '9953504928', 78, '2018-05-02 19:37:14', '2018-05-02 19:37:14'),
(226, 'Geetu Noida', '+918218054772', 78, '2018-05-02 19:37:14', '2018-05-02 19:37:14'),
(227, 'Vandu', '+917017768076', 78, '2018-05-02 19:37:14', '2018-05-02 19:37:14'),
(228, 'Sanjeev Kumar', '9889610148', 78, '2018-05-02 19:37:14', '2018-05-02 19:37:14'),
(229, 'Ana Geet Di', '+919557548873', 78, '2018-05-02 19:37:14', '2018-05-02 19:37:14'),
(230, 'Bhupi Kandari Bhai (Pokhri)', '+919720230243', 78, '2018-05-02 19:37:14', '2018-05-02 19:37:14'),
(231, 'Babita Bhabhi Santosh', '74094 37046', 78, '2018-05-02 19:37:14', '2018-05-02 19:37:14'),
(232, 'Satendra Bhaiya', '+91 94115 77525', 78, '2018-05-02 19:37:14', '2018-05-02 19:37:14'),
(233, 'Sandu Bhatwari', '+91 81266 00919', 78, '2018-05-02 19:37:14', '2018-05-02 19:37:14'),
(234, 'Roopa', '+91 84048 98700', 78, '2018-05-02 19:37:14', '2018-05-02 19:37:14'),
(235, 'Rishabh', '97930 18251', 78, '2018-05-02 19:37:14', '2018-05-02 19:37:14'),
(236, 'Neeraj Jio', '+918218860272', 78, '2018-05-02 19:37:14', '2018-05-02 19:37:14'),
(237, 'Durgesh Roomie', '99535 04928', 78, '2018-05-02 19:37:14', '2018-05-02 19:37:14'),
(238, 'Ankit Fluper', '9536460463', 78, '2018-05-02 19:37:14', '2018-05-02 19:37:14'),
(239, 'Tai Ji Patyu', '+91 89589 53092', 78, '2018-05-02 19:37:14', '2018-05-02 19:37:14'),
(240, 'Mukesh Rauthan Ji', '+91 80575 66198', 78, '2018-05-02 19:37:14', '2018-05-02 19:37:14'),
(241, 'Ankit Fluper', '95364 60463', 78, '2018-05-02 19:37:14', '2018-05-02 19:37:14'),
(242, 'Pinky Banglor', '+918126872035', 78, '2018-05-02 19:37:14', '2018-05-02 19:37:14'),
(243, 'Neetu Premnagar', '9808979782', 78, '2018-05-02 19:37:14', '2018-05-02 19:37:14'),
(244, 'Aalok Manacle', '+918447014635', 78, '2018-05-02 19:37:14', '2018-05-02 19:37:14'),
(245, 'Ravinder', '+91 99972 87759', 78, '2018-05-02 19:37:14', '2018-05-02 19:37:14'),
(246, 'Manku', '+918979890269', 78, '2018-05-02 19:37:14', '2018-05-02 19:37:14'),
(247, 'Satendra Painter', '+91 99174 73202', 78, '2018-05-02 19:37:14', '2018-05-02 19:37:14'),
(248, 'Naseem Negi', '9627394302', 78, '2018-05-02 19:37:14', '2018-05-02 19:37:14'),
(249, 'Ravinder', '+919997287759', 78, '2018-05-02 19:37:14', '2018-05-02 19:37:14'),
(250, 'Shahil Manacle', '+919899230068', 78, '2018-05-02 19:37:14', '2018-05-02 19:37:14'),
(251, 'Anil Bhai Delhi', '+917042244419', 78, '2018-05-02 19:37:14', '2018-05-02 19:37:14'),
(252, 'Sanjeev Kumar', '98896 10148', 78, '2018-05-02 19:37:14', '2018-05-02 19:37:14'),
(253, 'Swati Dehradun', '+917409626234', 78, '2018-05-02 19:37:14', '2018-05-02 19:37:14'),
(254, 'Durgesh Sgrr', '+91 94113 64050', 78, '2018-05-02 19:37:14', '2018-05-02 19:37:14'),
(255, 'Anita Bhabhi Ji', '+91 73027 79245', 78, '2018-05-02 19:37:14', '2018-05-02 19:37:14'),
(256, 'Rinki Bhuli', '90844 50336', 78, '2018-05-02 19:37:14', '2018-05-02 19:37:14'),
(257, 'Durgesh Sgrr', '+919411364050', 78, '2018-05-02 19:37:14', '2018-05-02 19:37:14'),
(258, 'Sangeeta Uniyal', '98733 09662', 78, '2018-05-02 19:37:14', '2018-05-02 19:37:14'),
(259, 'Bhupi Lala', '+91 96346 07563', 78, '2018-05-02 19:37:14', '2018-05-02 19:37:14'),
(260, 'Bhupi Kandari Bhai (Pokhri)', '+91 97202 30243', 78, '2018-05-02 19:37:14', '2018-05-02 19:37:14'),
(261, 'Vahida Om Hr', '+919582596163', 78, '2018-05-02 19:37:14', '2018-05-02 19:37:14'),
(262, 'Vandana Didi', '+918126807944', 78, '2018-05-02 19:37:14', '2018-05-02 19:37:14'),
(263, 'Babita Bhabhi Santosh', '7409437046', 78, '2018-05-02 19:37:14', '2018-05-02 19:37:14'),
(264, 'Yashu', '+91 82858 51581', 78, '2018-05-02 19:37:14', '2018-05-02 19:37:14'),
(265, 'vishu', '8445709335', 78, '2018-05-02 19:37:14', '2018-05-02 19:37:14'),
(266, 'Praveen Bhula', '95363 10279', 78, '2018-05-02 19:37:14', '2018-05-02 19:37:14'),
(267, 'Mukesh Rauthan Ji', '+918057566198', 78, '2018-05-02 19:37:14', '2018-05-02 19:37:14'),
(268, 'GOLU', '+91 95572 99071', 78, '2018-05-02 19:37:14', '2018-05-02 19:37:14'),
(269, 'Geeta Gio', '+919210201489', 78, '2018-05-02 19:37:14', '2018-05-02 19:37:14'),
(270, 'neeraj voda', '9639100578', 78, '2018-05-02 19:37:14', '2018-05-02 19:37:14'),
(271, 'Yashu', '+918285851581', 78, '2018-05-02 19:37:14', '2018-05-02 19:37:14'),
(272, 'Uswrr', '7017 288 435', 23, '2018-05-03 09:55:16', '2018-05-03 09:55:16'),
(273, 'Uss', '79 0683 1010', 23, '2018-05-03 09:55:16', '2018-05-03 09:55:16'),
(274, 'Hj', '91212 2216', 23, '2018-05-03 09:55:16', '2018-05-03 09:55:16'),
(275, 'User', '79 0683 1011', 23, '2018-05-03 09:55:16', '2018-05-03 09:55:16'),
(276, 'A One', '93939 39393', 23, '2018-05-03 09:55:16', '2018-05-03 09:55:16'),
(277, 'Mehoro', '98589 85898', 23, '2018-05-03 09:55:16', '2018-05-03 09:55:16'),
(278, 'Mehoro', '98589 85898', 84, '2018-05-03 10:17:40', '2018-05-03 10:17:40'),
(279, 'User', '79 0683 1011', 84, '2018-05-03 10:17:40', '2018-05-03 10:17:40'),
(280, 'Hj', '91212 2216', 84, '2018-05-03 10:17:40', '2018-05-03 10:17:40'),
(281, 'A One', '93939 39393', 84, '2018-05-03 10:17:40', '2018-05-03 10:17:40'),
(282, 'Uss', '79 0683 1010', 84, '2018-05-03 10:17:40', '2018-05-03 10:17:40'),
(283, 'Uswrr', '7017 288 435', 84, '2018-05-03 10:17:40', '2018-05-03 10:17:40'),
(284, 'John Appleseed', '8885555512', 94, '2018-05-03 12:08:38', '2018-05-03 12:08:38'),
(285, 'Kate Bell', '5555648583', 94, '2018-05-03 12:08:38', '2018-05-03 12:08:38'),
(286, 'Anna Haro', '5555228243', 94, '2018-05-03 12:08:38', '2018-05-03 12:08:38'),
(287, 'Daniel Higgins', '5554787672', 94, '2018-05-03 12:08:38', '2018-05-03 12:08:38'),
(288, 'Sandeep Winklix', '9650823360', 98, '2018-05-03 13:13:16', '2018-05-03 13:13:16'),
(289, 'Neetu Premnagar', '98089 79782', 98, '2018-05-03 13:13:16', '2018-05-03 13:13:16'),
(290, 'Sandu Bhatwari', '+918126600919', 98, '2018-05-03 13:13:16', '2018-05-03 13:13:16'),
(291, 'Anil Bhai Delhi', '+917042244419', 98, '2018-05-03 13:13:16', '2018-05-03 13:13:16'),
(292, 'geetvoda', '+919627810856', 98, '2018-05-03 13:13:16', '2018-05-03 13:13:16'),
(293, 'Rinki Bhuli', '90844 50336', 98, '2018-05-03 13:13:16', '2018-05-03 13:13:16'),
(294, 'Satendra Painter', '9917473202', 98, '2018-05-03 13:13:16', '2018-05-03 13:13:16'),
(295, 'Neeraj Jio', '+918218860272', 98, '2018-05-03 13:13:16', '2018-05-03 13:13:16'),
(296, 'Manku', '+91 89798 90269', 98, '2018-05-03 13:13:16', '2018-05-03 13:13:16'),
(297, 'Anita Bhabhi Ji', '+91 73027 79245', 98, '2018-05-03 13:13:16', '2018-05-03 13:13:16'),
(298, 'vishu', '8445709335', 98, '2018-05-03 13:13:16', '2018-05-03 13:13:16'),
(299, 'vishu', '84 70 817278', 98, '2018-05-03 13:13:16', '2018-05-03 13:13:16'),
(300, 'Satendra Bhaiya', '+919411577525', 98, '2018-05-03 13:13:16', '2018-05-03 13:13:16'),
(301, 'Alok Sukhla', '+918950476398', 98, '2018-05-03 13:13:16', '2018-05-03 13:13:16'),
(302, 'Vandu', '+917017768076', 98, '2018-05-03 13:13:16', '2018-05-03 13:13:16'),
(303, 'Otp', '92 65 70', 98, '2018-05-03 13:13:16', '2018-05-03 13:13:16'),
(304, 'Nawal', '9528222208', 98, '2018-05-03 13:13:16', '2018-05-03 13:13:16'),
(305, 'Aalok Manacle', '+91 84470 14635', 98, '2018-05-03 13:13:16', '2018-05-03 13:13:16'),
(306, 'Musa Bhatwari', '+919971785898', 98, '2018-05-03 13:13:16', '2018-05-03 13:13:16'),
(307, 'Vandana Didi', '+91 81268 07944', 98, '2018-05-03 13:13:16', '2018-05-03 13:13:16'),
(308, 'Pardeep Winklix', '8860122100', 98, '2018-05-03 13:13:16', '2018-05-03 13:13:16'),
(309, 'Manku', '+918979890269', 98, '2018-05-03 13:13:16', '2018-05-03 13:13:16'),
(310, 'Naveen Sir Manacle', '99680 48983', 98, '2018-05-03 13:13:16', '2018-05-03 13:13:16'),
(311, 'Naseem Negi', '9627394302', 98, '2018-05-03 13:13:16', '2018-05-03 13:13:16'),
(312, 'Satendra Bhaiya', '+91 94115 77525', 98, '2018-05-03 13:13:16', '2018-05-03 13:13:16'),
(313, 'Durgesh Sgrr', '+91 94113 64050', 98, '2018-05-03 13:13:16', '2018-05-03 13:13:16'),
(314, 'Seema Dehradun', '8171974673', 98, '2018-05-03 13:13:16', '2018-05-03 13:13:16'),
(315, 'Durgesh Roomie', '9953504928', 98, '2018-05-03 13:13:16', '2018-05-03 13:13:16'),
(316, 'Monu Bhai', '+919654049559', 98, '2018-05-03 13:13:16', '2018-05-03 13:13:16'),
(317, 'Babita Bhabhi Santosh', '7409437046', 98, '2018-05-03 13:13:16', '2018-05-03 13:13:16'),
(318, 'Swati Dehradun', '+91 74096 26234', 98, '2018-05-03 13:13:16', '2018-05-03 13:13:16'),
(319, 'Sanjeev Kumar', '98896 10148', 98, '2018-05-03 13:13:16', '2018-05-03 13:13:16'),
(320, 'Musa Bhatwari', '+91 99717 85898', 98, '2018-05-03 13:13:16', '2018-05-03 13:13:16'),
(321, 'Sanday Chauhan', '+91 95714 59203', 98, '2018-05-03 13:13:16', '2018-05-03 13:13:16'),
(322, 'Epixel', '+91 78349 73357', 98, '2018-05-03 13:13:16', '2018-05-03 13:13:16'),
(323, 'Yamna', '+91 99996 03133', 98, '2018-05-03 13:13:16', '2018-05-03 13:13:16'),
(324, 'Pinky Banglor', '+918126872035', 98, '2018-05-03 13:13:16', '2018-05-03 13:13:16'),
(325, 'Naveen Sir Manacle', '9968048983', 98, '2018-05-03 13:13:16', '2018-05-03 13:13:16'),
(326, 'Aashu Balawala', '+917028027791', 98, '2018-05-03 13:13:16', '2018-05-03 13:13:16'),
(327, 'Anu Bhula', '+91 94583 72507', 98, '2018-05-03 13:13:16', '2018-05-03 13:13:16'),
(328, 'Sanjeev Kumar', '9889610148', 98, '2018-05-03 13:13:16', '2018-05-03 13:13:16'),
(329, 'Anita Bhabhi Ji', '+917302779245', 98, '2018-05-03 13:13:16', '2018-05-03 13:13:16'),
(330, 'Salilesh Room', '+91 70652 74576', 98, '2018-05-03 13:13:16', '2018-05-03 13:13:16'),
(331, 'Abhijeet', '+91 95992 12264', 98, '2018-05-03 13:13:16', '2018-05-03 13:13:16'),
(332, 'Praveen Bhula', '95363 10279', 98, '2018-05-03 13:13:16', '2018-05-03 13:13:16'),
(333, 'Rohit Bhai Winklix', '+918802272531', 98, '2018-05-03 13:13:16', '2018-05-03 13:13:16'),
(334, 'Rakesh Rai', '+919289417906', 98, '2018-05-03 13:13:16', '2018-05-03 13:13:16'),
(335, 'Ajay Thakur', '9560607953', 98, '2018-05-03 13:13:16', '2018-05-03 13:13:16'),
(336, 'Komal', '8384868578', 98, '2018-05-03 13:13:16', '2018-05-03 13:13:16'),
(337, 'Saterdr Painter', '99174 73202', 98, '2018-05-03 13:13:16', '2018-05-03 13:13:16'),
(338, 'Vandana Didi', '+918126807944', 98, '2018-05-03 13:13:16', '2018-05-03 13:13:16'),
(339, 'Sangeeta Uniyal', '98733 09662', 98, '2018-05-03 13:13:16', '2018-05-03 13:13:16'),
(340, 'Bhupi Kandari Bhai (Pokhri)', '+919720230243', 98, '2018-05-03 13:13:16', '2018-05-03 13:13:16'),
(341, 'vishu', '84 45 709335', 98, '2018-05-03 13:13:16', '2018-05-03 13:13:16'),
(342, 'Ankit Fluper', '9536460463', 98, '2018-05-03 13:13:16', '2018-05-03 13:13:16'),
(343, 'Pinky Banglor', '+91 81268 72035', 98, '2018-05-03 13:13:16', '2018-05-03 13:13:16'),
(344, 'Umesh Sir', '+919911018869', 98, '2018-05-03 13:13:16', '2018-05-03 13:13:16'),
(345, 'Aalok Manacle', '+918447014635', 98, '2018-05-03 13:13:16', '2018-05-03 13:13:16'),
(346, 'Roopa', '+918404898700', 98, '2018-05-03 13:13:16', '2018-05-03 13:13:16'),
(347, 'Ankit Fluper', '95364 60463', 98, '2018-05-03 13:13:16', '2018-05-03 13:13:16'),
(348, 'Durgesh Roomie', '99535 04928', 98, '2018-05-03 13:13:16', '2018-05-03 13:13:16'),
(349, 'Ravinder', '+91 99972 87759', 98, '2018-05-03 13:13:16', '2018-05-03 13:13:16'),
(350, 'Yamna', '+919999603133', 98, '2018-05-03 13:13:16', '2018-05-03 13:13:16'),
(351, 'Ana Geet Di', '+919557548873', 98, '2018-05-03 13:13:16', '2018-05-03 13:13:16'),
(352, 'Amita Bhuli', '+91 99274 98030', 98, '2018-05-03 13:13:16', '2018-05-03 13:13:16'),
(353, 'Rakesh Rai', '+91 92894 17906', 98, '2018-05-03 13:13:16', '2018-05-03 13:13:16'),
(354, 'Gopal Sir', '94566 32464', 98, '2018-05-03 13:13:16', '2018-05-03 13:13:16'),
(355, 'Codeflies', '+91 120 451 5124', 98, '2018-05-03 13:13:16', '2018-05-03 13:13:16'),
(356, 'Vahida Om Hr', '+919582596163', 98, '2018-05-03 13:13:16', '2018-05-03 13:13:16'),
(357, 'Gopal Sir', '9456632464', 98, '2018-05-03 13:13:16', '2018-05-03 13:13:16'),
(358, 'Neetu Premnagar', '9808979782', 98, '2018-05-03 13:13:16', '2018-05-03 13:13:16'),
(359, 'Geeta Gio', '+919210201489', 98, '2018-05-03 13:13:16', '2018-05-03 13:13:16'),
(360, 'Bhupi Kandari Bhai (Pokhri)', '+91 97202 30243', 98, '2018-05-03 13:13:16', '2018-05-03 13:13:16'),
(361, 'geetvoda', '+91 96278 10856', 98, '2018-05-03 13:13:16', '2018-05-03 13:13:16'),
(362, 'Yashu', '+918285851581', 98, '2018-05-03 13:13:16', '2018-05-03 13:13:16'),
(363, 'Sandu Bhatwari', '+91 81266 00919', 98, '2018-05-03 13:13:16', '2018-05-03 13:13:16'),
(364, 'Santosh Bhai', '+91 70604 99724', 98, '2018-05-03 13:13:16', '2018-05-03 13:13:16'),
(365, 'Roopa', '+91 84048 98700', 98, '2018-05-03 13:13:16', '2018-05-03 13:13:16'),
(366, 'Babita Bhabhi Santosh', '74094 37046', 98, '2018-05-03 13:13:16', '2018-05-03 13:13:16'),
(367, 'Kamal', '+918909232090', 98, '2018-05-03 13:13:16', '2018-05-03 13:13:16'),
(368, 'Geetu Noida', '+918218054772', 98, '2018-05-03 13:13:16', '2018-05-03 13:13:16'),
(369, 'Praveen Bhula', '9536310279', 98, '2018-05-03 13:13:16', '2018-05-03 13:13:16'),
(370, 'Geet Aircel', '+91 75 03 291749', 98, '2018-05-03 13:13:16', '2018-05-03 13:13:16'),
(371, 'Anu Bhula', '+919458372507', 98, '2018-05-03 13:13:16', '2018-05-03 13:13:16'),
(372, 'Pawan Manacle', '9821565519', 98, '2018-05-03 13:13:16', '2018-05-03 13:13:16'),
(373, 'Navneet Akshrdham', '+918077636490', 98, '2018-05-03 13:13:16', '2018-05-03 13:13:16'),
(374, 'Mukesh Rauthan Ji', '+918057566198', 98, '2018-05-03 13:13:16', '2018-05-03 13:13:16'),
(375, 'GOLU', '+919557299071', 98, '2018-05-03 13:13:16', '2018-05-03 13:13:16'),
(376, 'Abhijeet', '+919599212264', 98, '2018-05-03 13:13:16', '2018-05-03 13:13:16'),
(377, 'Durgesh Sgrr', '+919411364050', 98, '2018-05-03 13:13:16', '2018-05-03 13:13:16'),
(378, 'Swati Dehradun', '+917409626234', 98, '2018-05-03 13:13:16', '2018-05-03 13:13:16'),
(379, 'Mukesh Rauthan Ji', '+91 80575 66198', 98, '2018-05-03 13:13:16', '2018-05-03 13:13:16'),
(380, 'Ana Geet Di', '+91 95575 48873', 98, '2018-05-03 13:13:16', '2018-05-03 13:13:16'),
(381, 'Bhupi Lala', '+91 96346 07563', 98, '2018-05-03 13:13:16', '2018-05-03 13:13:16'),
(382, 'Anki Bhula', '+917060477254', 98, '2018-05-03 13:13:16', '2018-05-03 13:13:16'),
(383, 'Umesh Sir', '+91 99110 18869', 98, '2018-05-03 13:13:16', '2018-05-03 13:13:16'),
(384, 'neeraj voda', '96 39 100578', 98, '2018-05-03 13:13:16', '2018-05-03 13:13:16'),
(385, 'Yashu', '+91 82858 51581', 98, '2018-05-03 13:13:16', '2018-05-03 13:13:16'),
(386, 'Rishabh', '97930 18251', 98, '2018-05-03 13:13:16', '2018-05-03 13:13:16'),
(387, 'Seema Dehradun', '81719 74673', 98, '2018-05-03 13:13:16', '2018-05-03 13:13:16'),
(388, 'Naseem Negi', '96 27 394302', 98, '2018-05-03 13:13:16', '2018-05-03 13:13:16'),
(389, 'GOLU', '+91 95572 99071', 98, '2018-05-03 13:13:16', '2018-05-03 13:13:16'),
(390, 'Sanday Chauhan', '+919571459203', 98, '2018-05-03 13:13:16', '2018-05-03 13:13:16'),
(391, 'Shahil Manacle', '+91 98992 30068', 98, '2018-05-03 13:13:16', '2018-05-03 13:13:16'),
(392, 'Kamal', '+91 89092 32090', 98, '2018-05-03 13:13:16', '2018-05-03 13:13:16'),
(393, 'Roopak Bhai Manacle', '+919015254823', 98, '2018-05-03 13:13:16', '2018-05-03 13:13:16'),
(394, 'Tai Ji Patyu', '+91 89589 53092', 98, '2018-05-03 13:13:16', '2018-05-03 13:13:16'),
(395, 'Ravinder', '+919997287759', 98, '2018-05-03 13:13:16', '2018-05-03 13:13:16'),
(396, 'Alok Sukhla', '+91 89504 76398', 98, '2018-05-03 13:13:16', '2018-05-03 13:13:16'),
(397, 'Satendra Painter', '+91 99174 73202', 98, '2018-05-03 13:13:16', '2018-05-03 13:13:16'),
(398, 'Shahil Manacle', '+919899230068', 98, '2018-05-03 13:13:16', '2018-05-03 13:13:16'),
(399, 'neeraj voda', '9639100578', 98, '2018-05-03 13:13:16', '2018-05-03 13:13:16'),
(400, 'John Appleseed', '8885555512', 108, '2018-05-03 14:46:11', '2018-05-03 14:46:11'),
(401, 'Kate Bell', '5555648583', 108, '2018-05-03 14:46:11', '2018-05-03 14:46:11'),
(402, 'Anna Haro', '5555228243', 108, '2018-05-03 14:46:11', '2018-05-03 14:46:11'),
(403, 'Daniel Higgins', '5554787672', 108, '2018-05-03 14:46:11', '2018-05-03 14:46:11'),
(404, 'Durgesh Roomie', '99535 04928', 112, '2018-05-04 04:49:34', '2018-05-04 04:49:34'),
(405, 'Pinky Banglor', '+91 81268 72035', 112, '2018-05-04 04:49:34', '2018-05-04 04:49:34'),
(406, 'Komal', '8384868578', 112, '2018-05-04 04:49:34', '2018-05-04 04:49:34'),
(407, 'Geeta Gio', '+919210201489', 112, '2018-05-04 04:49:34', '2018-05-04 04:49:34'),
(408, 'Bhupi Kandari Bhai (Pokhri)', '+919720230243', 112, '2018-05-04 04:49:34', '2018-05-04 04:49:34'),
(409, 'Pardeep Winklix', '8860122100', 112, '2018-05-04 04:49:34', '2018-05-04 04:49:34'),
(410, 'Ravinder', '+91 99972 87759', 112, '2018-05-04 04:49:34', '2018-05-04 04:49:34'),
(411, 'Otp', '92 65 70', 112, '2018-05-04 04:49:34', '2018-05-04 04:49:34'),
(412, 'Musa Bhatwari', '+91 99717 85898', 112, '2018-05-04 04:49:34', '2018-05-04 04:49:34'),
(413, 'Tai Ji Patyu', '+91 89589 53092', 112, '2018-05-04 04:49:34', '2018-05-04 04:49:34'),
(414, 'Nawal', '9528222208', 112, '2018-05-04 04:49:34', '2018-05-04 04:49:34'),
(415, 'Satendra Bhaiya', '+919411577525', 112, '2018-05-04 04:49:34', '2018-05-04 04:49:34'),
(416, 'Vandana Didi', '+918126807944', 112, '2018-05-04 04:49:34', '2018-05-04 04:49:34'),
(417, 'Rakesh Rai', '+919289417906', 112, '2018-05-04 04:49:34', '2018-05-04 04:49:34'),
(418, 'vishu', '84 70 817278', 112, '2018-05-04 04:49:34', '2018-05-04 04:49:34'),
(419, 'neeraj voda', '96 39 100578', 112, '2018-05-04 04:49:34', '2018-05-04 04:49:34'),
(420, 'Satendra Painter', '9917473202', 112, '2018-05-04 04:49:34', '2018-05-04 04:49:34'),
(421, 'Anki Bhula', '+917060477254', 112, '2018-05-04 04:49:34', '2018-05-04 04:49:34'),
(422, 'Yashu', '+91 82858 51581', 112, '2018-05-04 04:49:34', '2018-05-04 04:49:34'),
(423, 'Satendra Bhaiya', '+91 94115 77525', 112, '2018-05-04 04:49:34', '2018-05-04 04:49:34'),
(424, 'Roopa', '+918404898700', 112, '2018-05-04 04:49:34', '2018-05-04 04:49:34'),
(425, 'Salilesh Room', '+91 70652 74576', 112, '2018-05-04 04:49:34', '2018-05-04 04:49:34'),
(426, 'Ajay Thakur', '9560607953', 112, '2018-05-04 04:49:34', '2018-05-04 04:49:34'),
(427, 'Sanday Chauhan', '+91 95714 59203', 112, '2018-05-04 04:49:34', '2018-05-04 04:49:34'),
(428, 'Durgesh Sgrr', '+91 94113 64050', 112, '2018-05-04 04:49:34', '2018-05-04 04:49:34'),
(429, 'Shahil Manacle', '+91 98992 30068', 112, '2018-05-04 04:49:34', '2018-05-04 04:49:34'),
(430, 'Rinki Bhuli', '90844 50336', 112, '2018-05-04 04:49:34', '2018-05-04 04:49:34'),
(431, 'Gopal Sir', '94566 32464', 112, '2018-05-04 04:49:34', '2018-05-04 04:49:34'),
(432, 'Satendra Painter', '+91 99174 73202', 112, '2018-05-04 04:49:34', '2018-05-04 04:49:34'),
(433, 'Bhupi Kandari Bhai (Pokhri)', '+91 97202 30243', 112, '2018-05-04 04:49:34', '2018-05-04 04:49:34'),
(434, 'Santosh Bhai', '+91 70604 99724', 112, '2018-05-04 04:49:34', '2018-05-04 04:49:34'),
(435, 'Rishabh', '97930 18251', 112, '2018-05-04 04:49:34', '2018-05-04 04:49:34'),
(436, 'Roopa', '+91 84048 98700', 112, '2018-05-04 04:49:34', '2018-05-04 04:49:34'),
(437, 'Geet Aircel', '+91 75 03 291749', 112, '2018-05-04 04:49:34', '2018-05-04 04:49:34'),
(438, 'Neetu Premnagar', '98089 79782', 112, '2018-05-04 04:49:34', '2018-05-04 04:49:34'),
(439, 'geetvoda', '+91 96278 10856', 112, '2018-05-04 04:49:34', '2018-05-04 04:49:34'),
(440, 'Mukesh Rauthan Ji', '+91 80575 66198', 112, '2018-05-04 04:49:34', '2018-05-04 04:49:34'),
(441, 'Monu Bhai', '+919654049559', 112, '2018-05-04 04:49:34', '2018-05-04 04:49:34'),
(442, 'Sandu Bhatwari', '+918126600919', 112, '2018-05-04 04:49:34', '2018-05-04 04:49:34'),
(443, 'Ana Geet Di', '+919557548873', 112, '2018-05-04 04:49:34', '2018-05-04 04:49:34'),
(444, 'Anita Bhabhi Ji', '+91 73027 79245', 112, '2018-05-04 04:49:34', '2018-05-04 04:49:34'),
(445, 'Manku', '+918979890269', 112, '2018-05-04 04:49:34', '2018-05-04 04:49:34'),
(446, 'Yashu', '+918285851581', 112, '2018-05-04 04:49:34', '2018-05-04 04:49:34'),
(447, 'Durgesh Roomie', '9953504928', 112, '2018-05-04 04:49:34', '2018-05-04 04:49:34'),
(448, 'vishu', '84 45 709335', 112, '2018-05-04 04:49:34', '2018-05-04 04:49:34'),
(449, 'Neetu Premnagar', '9808979782', 112, '2018-05-04 04:49:34', '2018-05-04 04:49:34'),
(450, 'Anu Bhula', '+91 94583 72507', 112, '2018-05-04 04:49:34', '2018-05-04 04:49:34'),
(451, 'Rohit Bhai Winklix', '+918802272531', 112, '2018-05-04 04:49:34', '2018-05-04 04:49:34'),
(452, 'Sandeep Winklix', '9650823360', 112, '2018-05-04 04:49:34', '2018-05-04 04:49:34'),
(453, 'Umesh Sir', '+91 99110 18869', 112, '2018-05-04 04:49:34', '2018-05-04 04:49:34'),
(454, 'GOLU', '+919557299071', 112, '2018-05-04 04:49:34', '2018-05-04 04:49:34'),
(455, 'Swati Dehradun', '+917409626234', 112, '2018-05-04 04:49:34', '2018-05-04 04:49:34'),
(456, 'Aalok Manacle', '+918447014635', 112, '2018-05-04 04:49:34', '2018-05-04 04:49:34'),
(457, 'Gopal Sir', '9456632464', 112, '2018-05-04 04:49:34', '2018-05-04 04:49:34'),
(458, 'Naveen Sir Manacle', '99680 48983', 112, '2018-05-04 04:49:34', '2018-05-04 04:49:34'),
(459, 'Seema Dehradun', '81719 74673', 112, '2018-05-04 04:49:34', '2018-05-04 04:49:34'),
(460, 'Naseem Negi', '96 27 394302', 112, '2018-05-04 04:49:34', '2018-05-04 04:49:34'),
(461, 'Praveen Bhula', '9536310279', 112, '2018-05-04 04:49:34', '2018-05-04 04:49:34'),
(462, 'Vandana Didi', '+91 81268 07944', 112, '2018-05-04 04:49:34', '2018-05-04 04:49:34'),
(463, 'Codeflies', '+91 120 451 5124', 112, '2018-05-04 04:49:34', '2018-05-04 04:49:34'),
(464, 'Babita Bhabhi Santosh', '74094 37046', 112, '2018-05-04 04:49:34', '2018-05-04 04:49:34'),
(465, 'Naveen Sir Manacle', '9968048983', 112, '2018-05-04 04:49:34', '2018-05-04 04:49:34'),
(466, 'Kamal', '+918909232090', 112, '2018-05-04 04:49:34', '2018-05-04 04:49:34'),
(467, 'Swati Dehradun', '+91 74096 26234', 112, '2018-05-04 04:49:34', '2018-05-04 04:49:34'),
(468, 'Umesh Sir', '+919911018869', 112, '2018-05-04 04:49:34', '2018-05-04 04:49:34'),
(469, 'Seema Dehradun', '8171974673', 112, '2018-05-04 04:49:34', '2018-05-04 04:49:34'),
(470, 'Alok Sukhla', '+91 89504 76398', 112, '2018-05-04 04:49:34', '2018-05-04 04:49:34'),
(471, 'Aashu Balawala', '+917028027791', 112, '2018-05-04 04:49:34', '2018-05-04 04:49:34'),
(472, 'Aalok Manacle', '+91 84470 14635', 112, '2018-05-04 04:49:34', '2018-05-04 04:49:34'),
(473, 'Epixel', '+91 78349 73357', 112, '2018-05-04 04:49:34', '2018-05-04 04:49:34'),
(474, 'Pinky Banglor', '+918126872035', 112, '2018-05-04 04:49:34', '2018-05-04 04:49:34'),
(475, 'Shahil Manacle', '+919899230068', 112, '2018-05-04 04:49:34', '2018-05-04 04:49:34'),
(476, 'Alok Sukhla', '+918950476398', 112, '2018-05-04 04:49:34', '2018-05-04 04:49:34'),
(477, 'Anita Bhabhi Ji', '+917302779245', 112, '2018-05-04 04:49:34', '2018-05-04 04:49:34'),
(478, 'Saterdr Painter', '99174 73202', 112, '2018-05-04 04:49:34', '2018-05-04 04:49:34'),
(479, 'Abhijeet', '+919599212264', 112, '2018-05-04 04:49:34', '2018-05-04 04:49:34'),
(480, 'geetvoda', '+919627810856', 112, '2018-05-04 04:49:34', '2018-05-04 04:49:34'),
(481, 'Sandu Bhatwari', '+91 81266 00919', 112, '2018-05-04 04:49:34', '2018-05-04 04:49:34'),
(482, 'Geetu Noida', '+918218054772', 112, '2018-05-04 04:49:34', '2018-05-04 04:49:34'),
(483, 'Anil Bhai Delhi', '+917042244419', 112, '2018-05-04 04:49:34', '2018-05-04 04:49:34'),
(484, 'Durgesh Sgrr', '+919411364050', 112, '2018-05-04 04:49:34', '2018-05-04 04:49:34'),
(485, 'Musa Bhatwari', '+919971785898', 112, '2018-05-04 04:49:34', '2018-05-04 04:49:34'),
(486, 'Pawan Manacle', '9821565519', 112, '2018-05-04 04:49:34', '2018-05-04 04:49:34'),
(487, 'Bhupi Lala', '+91 96346 07563', 112, '2018-05-04 04:49:34', '2018-05-04 04:49:34'),
(488, 'Sanjeev Kumar', '9889610148', 112, '2018-05-04 04:49:34', '2018-05-04 04:49:34'),
(489, 'Sanjeev Kumar', '98896 10148', 112, '2018-05-04 04:49:34', '2018-05-04 04:49:34'),
(490, 'Navneet Akshrdham', '+918077636490', 112, '2018-05-04 04:49:34', '2018-05-04 04:49:34'),
(491, 'Naseem Negi', '9627394302', 112, '2018-05-04 04:49:34', '2018-05-04 04:49:34'),
(492, 'Ankit Fluper', '9536460463', 112, '2018-05-04 04:49:34', '2018-05-04 04:49:34'),
(493, 'Yamna', '+919999603133', 112, '2018-05-04 04:49:34', '2018-05-04 04:49:34'),
(494, 'Roopak Bhai Manacle', '+919015254823', 112, '2018-05-04 04:49:34', '2018-05-04 04:49:34'),
(495, 'Abhijeet', '+91 95992 12264', 112, '2018-05-04 04:49:34', '2018-05-04 04:49:34'),
(496, 'Ravinder', '+919997287759', 112, '2018-05-04 04:49:34', '2018-05-04 04:49:34'),
(497, 'Sanday Chauhan', '+919571459203', 112, '2018-05-04 04:49:34', '2018-05-04 04:49:34'),
(498, 'Praveen Bhula', '95363 10279', 112, '2018-05-04 04:49:34', '2018-05-04 04:49:34'),
(499, 'Ana Geet Di', '+91 95575 48873', 112, '2018-05-04 04:49:34', '2018-05-04 04:49:34'),
(500, 'Vandu', '+917017768076', 112, '2018-05-04 04:49:34', '2018-05-04 04:49:34'),
(501, 'Manku', '+91 89798 90269', 112, '2018-05-04 04:49:34', '2018-05-04 04:49:34'),
(502, 'vishu', '8445709335', 112, '2018-05-04 04:49:34', '2018-05-04 04:49:34'),
(503, 'Yamna', '+91 99996 03133', 112, '2018-05-04 04:49:34', '2018-05-04 04:49:34'),
(504, 'Neeraj Jio', '+918218860272', 112, '2018-05-04 04:49:34', '2018-05-04 04:49:34'),
(505, 'Ankit Fluper', '95364 60463', 112, '2018-05-04 04:49:34', '2018-05-04 04:49:34'),
(506, 'Amita Bhuli', '+91 99274 98030', 112, '2018-05-04 04:49:34', '2018-05-04 04:49:34'),
(507, 'Vahida Om Hr', '+919582596163', 112, '2018-05-04 04:49:34', '2018-05-04 04:49:34'),
(508, 'Kamal', '+91 89092 32090', 112, '2018-05-04 04:49:34', '2018-05-04 04:49:34'),
(509, 'Sangeeta Uniyal', '98733 09662', 112, '2018-05-04 04:49:34', '2018-05-04 04:49:34'),
(510, 'GOLU', '+91 95572 99071', 112, '2018-05-04 04:49:34', '2018-05-04 04:49:34'),
(511, 'Mukesh Rauthan Ji', '+918057566198', 112, '2018-05-04 04:49:34', '2018-05-04 04:49:34'),
(512, 'Anu Bhula', '+919458372507', 112, '2018-05-04 04:49:34', '2018-05-04 04:49:34'),
(513, 'neeraj voda', '9639100578', 112, '2018-05-04 04:49:34', '2018-05-04 04:49:34'),
(514, 'Babita Bhabhi Santosh', '7409437046', 112, '2018-05-04 04:49:34', '2018-05-04 04:49:34'),
(515, 'Rakesh Rai', '+91 92894 17906', 112, '2018-05-04 04:49:34', '2018-05-04 04:49:34'),
(516, 'Durgesh Sgrr', '+91 94113 64050', 114, '2018-05-04 05:05:13', '2018-05-04 05:05:13'),
(517, 'Naveen Sir Manacle', '99680 48983', 114, '2018-05-04 05:05:13', '2018-05-04 05:05:13'),
(518, 'Mukesh Rauthan Ji', '+91 80575 66198', 114, '2018-05-04 05:05:13', '2018-05-04 05:05:13'),
(519, 'Swati Dehradun', '+91 74096 26234', 114, '2018-05-04 05:05:13', '2018-05-04 05:05:13'),
(520, 'Pardeep Winklix', '8860122100', 114, '2018-05-04 05:05:13', '2018-05-04 05:05:13'),
(521, 'Sanjeev Kumar', '9889610148', 114, '2018-05-04 05:05:13', '2018-05-04 05:05:13'),
(522, 'Bhupi Kandari Bhai (Pokhri)', '+919720230243', 114, '2018-05-04 05:05:13', '2018-05-04 05:05:13'),
(523, 'Anita Bhabhi Ji', '+91 73027 79245', 114, '2018-05-04 05:05:13', '2018-05-04 05:05:13'),
(524, 'Kamal', '+91 89092 32090', 114, '2018-05-04 05:05:13', '2018-05-04 05:05:13'),
(525, 'Anu Bhula', '+91 94583 72507', 114, '2018-05-04 05:05:13', '2018-05-04 05:05:13'),
(526, 'Kamal', '+918909232090', 114, '2018-05-04 05:05:13', '2018-05-04 05:05:13'),
(527, 'Manku', '+91 89798 90269', 114, '2018-05-04 05:05:13', '2018-05-04 05:05:13'),
(528, 'Aashu Balawala', '+917028027791', 114, '2018-05-04 05:05:13', '2018-05-04 05:05:13'),
(529, 'Anita Bhabhi Ji', '+917302779245', 114, '2018-05-04 05:05:13', '2018-05-04 05:05:13'),
(530, 'vishu', '84 70 817278', 114, '2018-05-04 05:05:13', '2018-05-04 05:05:13'),
(531, 'Otp', '92 65 70', 114, '2018-05-04 05:05:13', '2018-05-04 05:05:13'),
(532, 'Geetu Noida', '+918218054772', 114, '2018-05-04 05:05:13', '2018-05-04 05:05:13'),
(533, 'Monu Bhai', '+919654049559', 114, '2018-05-04 05:05:13', '2018-05-04 05:05:13'),
(534, 'Sandeep Winklix', '9650823360', 114, '2018-05-04 05:05:13', '2018-05-04 05:05:13'),
(535, 'Pinky Banglor', '+91 81268 72035', 114, '2018-05-04 05:05:13', '2018-05-04 05:05:13'),
(536, 'GOLU', '+91 95572 99071', 114, '2018-05-04 05:05:13', '2018-05-04 05:05:13'),
(537, 'GOLU', '+919557299071', 114, '2018-05-04 05:05:13', '2018-05-04 05:05:13'),
(538, 'Pawan Manacle', '9821565519', 114, '2018-05-04 05:05:13', '2018-05-04 05:05:13'),
(539, 'Ajay Thakur', '9560607953', 114, '2018-05-04 05:05:13', '2018-05-04 05:05:13'),
(540, 'Musa Bhatwari', '+91 99717 85898', 114, '2018-05-04 05:05:13', '2018-05-04 05:05:13'),
(541, 'Pinky Banglor', '+918126872035', 114, '2018-05-04 05:05:13', '2018-05-04 05:05:13'),
(542, 'Durgesh Roomie', '99535 04928', 114, '2018-05-04 05:05:13', '2018-05-04 05:05:13'),
(543, 'Anki Bhula', '+917060477254', 114, '2018-05-04 05:05:13', '2018-05-04 05:05:13'),
(544, 'Ankit Fluper', '9536460463', 114, '2018-05-04 05:05:13', '2018-05-04 05:05:13'),
(545, 'Saterdr Painter', '99174 73202', 114, '2018-05-04 05:05:13', '2018-05-04 05:05:13'),
(546, 'Vandana Didi', '+91 81268 07944', 114, '2018-05-04 05:05:13', '2018-05-04 05:05:13'),
(547, 'Alok Sukhla', '+91 89504 76398', 114, '2018-05-04 05:05:13', '2018-05-04 05:05:13'),
(548, 'Ravinder', '+91 99972 87759', 114, '2018-05-04 05:05:13', '2018-05-04 05:05:13'),
(549, 'Naveen Sir Manacle', '9968048983', 114, '2018-05-04 05:05:13', '2018-05-04 05:05:13'),
(550, 'Roopa', '+91 84048 98700', 114, '2018-05-04 05:05:13', '2018-05-04 05:05:13'),
(551, 'Naseem Negi', '9627394302', 114, '2018-05-04 05:05:13', '2018-05-04 05:05:13'),
(552, 'Ana Geet Di', '+919557548873', 114, '2018-05-04 05:05:13', '2018-05-04 05:05:13'),
(553, 'Komal', '8384868578', 114, '2018-05-04 05:05:13', '2018-05-04 05:05:13'),
(554, 'Neeraj Jio', '+918218860272', 114, '2018-05-04 05:05:13', '2018-05-04 05:05:13'),
(555, 'Neetu Premnagar', '98089 79782', 114, '2018-05-04 05:05:13', '2018-05-04 05:05:13'),
(556, 'Rohit Bhai Winklix', '+918802272531', 114, '2018-05-04 05:05:13', '2018-05-04 05:05:13'),
(557, 'Swati Dehradun', '+917409626234', 114, '2018-05-04 05:05:13', '2018-05-04 05:05:13'),
(558, 'Anil Bhai Delhi', '+917042244419', 114, '2018-05-04 05:05:13', '2018-05-04 05:05:13'),
(559, 'Nawal', '9528222208', 114, '2018-05-04 05:05:13', '2018-05-04 05:05:13'),
(560, 'Rakesh Rai', '+91 92894 17906', 114, '2018-05-04 05:05:13', '2018-05-04 05:05:13'),
(561, 'neeraj voda', '9639100578', 114, '2018-05-04 05:05:13', '2018-05-04 05:05:13'),
(562, 'Naseem Negi', '96 27 394302', 114, '2018-05-04 05:05:13', '2018-05-04 05:05:13'),
(563, 'Durgesh Sgrr', '+919411364050', 114, '2018-05-04 05:05:13', '2018-05-04 05:05:13'),
(564, 'Satendra Painter', '9917473202', 114, '2018-05-04 05:05:13', '2018-05-04 05:05:13'),
(565, 'Ana Geet Di', '+91 95575 48873', 114, '2018-05-04 05:05:13', '2018-05-04 05:05:13'),
(566, 'Santosh Bhai', '+91 70604 99724', 114, '2018-05-04 05:05:13', '2018-05-04 05:05:13'),
(567, 'Praveen Bhula', '9536310279', 114, '2018-05-04 05:05:13', '2018-05-04 05:05:13'),
(568, 'Sanjeev Kumar', '98896 10148', 114, '2018-05-04 05:05:13', '2018-05-04 05:05:13'),
(569, 'vishu', '84 45 709335', 114, '2018-05-04 05:05:13', '2018-05-04 05:05:13'),
(570, 'neeraj voda', '96 39 100578', 114, '2018-05-04 05:05:13', '2018-05-04 05:05:13'),
(571, 'Tai Ji Patyu', '+91 89589 53092', 114, '2018-05-04 05:05:13', '2018-05-04 05:05:13'),
(572, 'Sandu Bhatwari', '+918126600919', 114, '2018-05-04 05:05:13', '2018-05-04 05:05:13'),
(573, 'Salilesh Room', '+91 70652 74576', 114, '2018-05-04 05:05:13', '2018-05-04 05:05:13'),
(574, 'Neetu Premnagar', '9808979782', 114, '2018-05-04 05:05:13', '2018-05-04 05:05:13'),
(575, 'Sangeeta Uniyal', '98733 09662', 114, '2018-05-04 05:05:13', '2018-05-04 05:05:13');
INSERT INTO `contacts` (`id`, `contact_name`, `contact_number`, `user_id`, `created_at`, `updated_at`) VALUES
(576, 'Epixel', '+91 78349 73357', 114, '2018-05-04 05:05:13', '2018-05-04 05:05:13'),
(577, 'Praveen Bhula', '95363 10279', 114, '2018-05-04 05:05:13', '2018-05-04 05:05:13'),
(578, 'Yamna', '+91 99996 03133', 114, '2018-05-04 05:05:13', '2018-05-04 05:05:13'),
(579, 'Bhupi Lala', '+91 96346 07563', 114, '2018-05-04 05:05:13', '2018-05-04 05:05:13'),
(580, 'vishu', '8445709335', 114, '2018-05-04 05:05:13', '2018-05-04 05:05:13'),
(581, 'Codeflies', '+91 120 451 5124', 114, '2018-05-04 05:05:13', '2018-05-04 05:05:13'),
(582, 'Umesh Sir', '+91 99110 18869', 114, '2018-05-04 05:05:13', '2018-05-04 05:05:13'),
(583, 'Aalok Manacle', '+91 84470 14635', 114, '2018-05-04 05:05:13', '2018-05-04 05:05:13'),
(584, 'Satendra Painter', '+91 99174 73202', 114, '2018-05-04 05:05:13', '2018-05-04 05:05:13'),
(585, 'Seema Dehradun', '81719 74673', 114, '2018-05-04 05:05:13', '2018-05-04 05:05:13'),
(586, 'Shahil Manacle', '+91 98992 30068', 114, '2018-05-04 05:05:13', '2018-05-04 05:05:13'),
(587, 'Anu Bhula', '+919458372507', 114, '2018-05-04 05:05:13', '2018-05-04 05:05:13'),
(588, 'Abhijeet', '+91 95992 12264', 114, '2018-05-04 05:05:13', '2018-05-04 05:05:13'),
(589, 'Navneet Akshrdham', '+918077636490', 114, '2018-05-04 05:05:13', '2018-05-04 05:05:13'),
(590, 'Yamna', '+919999603133', 114, '2018-05-04 05:05:13', '2018-05-04 05:05:13'),
(591, 'Vandu', '+917017768076', 114, '2018-05-04 05:05:13', '2018-05-04 05:05:13'),
(592, 'Mukesh Rauthan Ji', '+918057566198', 114, '2018-05-04 05:05:13', '2018-05-04 05:05:13'),
(593, 'Yashu', '+918285851581', 114, '2018-05-04 05:05:13', '2018-05-04 05:05:13'),
(594, 'Aalok Manacle', '+918447014635', 114, '2018-05-04 05:05:13', '2018-05-04 05:05:13'),
(595, 'Bhupi Kandari Bhai (Pokhri)', '+91 97202 30243', 114, '2018-05-04 05:05:13', '2018-05-04 05:05:13'),
(596, 'Vandana Didi', '+918126807944', 114, '2018-05-04 05:05:13', '2018-05-04 05:05:13'),
(597, 'Manku', '+918979890269', 114, '2018-05-04 05:05:13', '2018-05-04 05:05:13'),
(598, 'Amita Bhuli', '+91 99274 98030', 114, '2018-05-04 05:05:13', '2018-05-04 05:05:13'),
(599, 'Durgesh Roomie', '9953504928', 114, '2018-05-04 05:05:13', '2018-05-04 05:05:13'),
(600, 'Babita Bhabhi Santosh', '7409437046', 114, '2018-05-04 05:05:13', '2018-05-04 05:05:13'),
(601, 'Rinki Bhuli', '90844 50336', 114, '2018-05-04 05:05:13', '2018-05-04 05:05:13'),
(602, 'Sanday Chauhan', '+91 95714 59203', 114, '2018-05-04 05:05:13', '2018-05-04 05:05:13'),
(603, 'Satendra Bhaiya', '+919411577525', 114, '2018-05-04 05:05:13', '2018-05-04 05:05:13'),
(604, 'Umesh Sir', '+919911018869', 114, '2018-05-04 05:05:13', '2018-05-04 05:05:13'),
(605, 'Sandu Bhatwari', '+91 81266 00919', 114, '2018-05-04 05:05:13', '2018-05-04 05:05:13'),
(606, 'Seema Dehradun', '8171974673', 114, '2018-05-04 05:05:13', '2018-05-04 05:05:13'),
(607, 'Ankit Fluper', '95364 60463', 114, '2018-05-04 05:05:13', '2018-05-04 05:05:13'),
(608, 'Gopal Sir', '94566 32464', 114, '2018-05-04 05:05:13', '2018-05-04 05:05:13'),
(609, 'Rishabh', '97930 18251', 114, '2018-05-04 05:05:13', '2018-05-04 05:05:13'),
(610, 'Musa Bhatwari', '+919971785898', 114, '2018-05-04 05:05:13', '2018-05-04 05:05:13'),
(611, 'geetvoda', '+919627810856', 114, '2018-05-04 05:05:13', '2018-05-04 05:05:13'),
(612, 'geetvoda', '+91 96278 10856', 114, '2018-05-04 05:05:13', '2018-05-04 05:05:13'),
(613, 'Roopa', '+918404898700', 114, '2018-05-04 05:05:13', '2018-05-04 05:05:13'),
(614, 'Vahida Om Hr', '+919582596163', 114, '2018-05-04 05:05:13', '2018-05-04 05:05:13'),
(615, 'Shahil Manacle', '+919899230068', 114, '2018-05-04 05:05:13', '2018-05-04 05:05:13'),
(616, 'Gopal Sir', '9456632464', 114, '2018-05-04 05:05:13', '2018-05-04 05:05:13'),
(617, 'Geeta Gio', '+919210201489', 114, '2018-05-04 05:05:13', '2018-05-04 05:05:13'),
(618, 'Ravinder', '+919997287759', 114, '2018-05-04 05:05:13', '2018-05-04 05:05:13'),
(619, 'Roopak Bhai Manacle', '+919015254823', 114, '2018-05-04 05:05:13', '2018-05-04 05:05:13'),
(620, 'Babita Bhabhi Santosh', '74094 37046', 114, '2018-05-04 05:05:13', '2018-05-04 05:05:13'),
(621, 'Abhijeet', '+919599212264', 114, '2018-05-04 05:05:13', '2018-05-04 05:05:13'),
(622, 'Rakesh Rai', '+919289417906', 114, '2018-05-04 05:05:13', '2018-05-04 05:05:13'),
(623, 'Satendra Bhaiya', '+91 94115 77525', 114, '2018-05-04 05:05:13', '2018-05-04 05:05:13'),
(624, 'Yashu', '+91 82858 51581', 114, '2018-05-04 05:05:13', '2018-05-04 05:05:13'),
(625, 'Geet Aircel', '+91 75 03 291749', 114, '2018-05-04 05:05:13', '2018-05-04 05:05:13'),
(626, 'Sanday Chauhan', '+919571459203', 114, '2018-05-04 05:05:13', '2018-05-04 05:05:13'),
(627, 'Alok Sukhla', '+918950476398', 114, '2018-05-04 05:05:13', '2018-05-04 05:05:13'),
(628, 'Gopal Sir', '94566 32464', 130, '2018-05-04 06:30:02', '2018-05-04 06:30:02'),
(629, 'Pardeep Winklix', '8860122100', 130, '2018-05-04 06:30:02', '2018-05-04 06:30:02'),
(630, 'Naveen Sir Manacle', '99680 48983', 130, '2018-05-04 06:30:02', '2018-05-04 06:30:02'),
(631, 'Yamna', '+91 99996 03133', 130, '2018-05-04 06:30:02', '2018-05-04 06:30:02'),
(632, 'Rakesh Rai', '+919289417906', 130, '2018-05-04 06:30:02', '2018-05-04 06:30:02'),
(633, 'Shahil Manacle', '+91 98992 30068', 130, '2018-05-04 06:30:02', '2018-05-04 06:30:02'),
(634, 'Epixel', '+91 78349 73357', 130, '2018-05-04 06:30:02', '2018-05-04 06:30:02'),
(635, 'Monu Bhai', '+919654049559', 130, '2018-05-04 06:30:02', '2018-05-04 06:30:02'),
(636, 'Anu Bhula', '+91 94583 72507', 130, '2018-05-04 06:30:02', '2018-05-04 06:30:02'),
(637, 'Mukesh Rauthan Ji', '+918057566198', 130, '2018-05-04 06:30:02', '2018-05-04 06:30:02'),
(638, 'Durgesh Roomie', '99535 04928', 130, '2018-05-04 06:30:02', '2018-05-04 06:30:02'),
(639, 'Musa Bhatwari', '+919971785898', 130, '2018-05-04 06:30:02', '2018-05-04 06:30:02'),
(640, 'Babita Bhabhi Santosh', '74094 37046', 130, '2018-05-04 06:30:02', '2018-05-04 06:30:02'),
(641, 'Praveen Bhula', '9536310279', 130, '2018-05-04 06:30:02', '2018-05-04 06:30:02'),
(642, 'Manku', '+91 89798 90269', 130, '2018-05-04 06:30:02', '2018-05-04 06:30:02'),
(643, 'Naseem Negi', '9627394302', 130, '2018-05-04 06:30:02', '2018-05-04 06:30:02'),
(644, 'Satendra Bhaiya', '+91 94115 77525', 130, '2018-05-04 06:30:02', '2018-05-04 06:30:02'),
(645, 'Ravinder', '+919997287759', 130, '2018-05-04 06:30:02', '2018-05-04 06:30:02'),
(646, 'Kamal', '+91 89092 32090', 130, '2018-05-04 06:30:02', '2018-05-04 06:30:02'),
(647, 'Ravinder', '+91 99972 87759', 130, '2018-05-04 06:30:02', '2018-05-04 06:30:02'),
(648, 'Kamal', '+918909232090', 130, '2018-05-04 06:30:02', '2018-05-04 06:30:02'),
(649, 'Anil Bhai Delhi', '+917042244419', 130, '2018-05-04 06:30:02', '2018-05-04 06:30:02'),
(650, 'Ajay Thakur', '9560607953', 130, '2018-05-04 06:30:02', '2018-05-04 06:30:02'),
(651, 'Nawal', '9528222208', 130, '2018-05-04 06:30:02', '2018-05-04 06:30:02'),
(652, 'Rinki Bhuli', '90844 50336', 130, '2018-05-04 06:30:02', '2018-05-04 06:30:02'),
(653, 'Babita Bhabhi Santosh', '7409437046', 130, '2018-05-04 06:30:02', '2018-05-04 06:30:02'),
(654, 'Geet Aircel', '+91 75 03 291749', 130, '2018-05-04 06:30:02', '2018-05-04 06:30:02'),
(655, 'Bhupi Kandari Bhai (Pokhri)', '+919720230243', 130, '2018-05-04 06:30:02', '2018-05-04 06:30:02'),
(656, 'neeraj voda', '9639100578', 130, '2018-05-04 06:30:02', '2018-05-04 06:30:02'),
(657, 'Vahida Om Hr', '+919582596163', 130, '2018-05-04 06:30:02', '2018-05-04 06:30:02'),
(658, 'vishu', '8445709335', 130, '2018-05-04 06:30:02', '2018-05-04 06:30:02'),
(659, 'Satendra Bhaiya', '+919411577525', 130, '2018-05-04 06:30:02', '2018-05-04 06:30:02'),
(660, 'Codeflies', '+91 120 451 5124', 130, '2018-05-04 06:30:02', '2018-05-04 06:30:02'),
(661, 'Anita Bhabhi Ji', '+91 73027 79245', 130, '2018-05-04 06:30:02', '2018-05-04 06:30:02'),
(662, 'Roopak Bhai Manacle', '+919015254823', 130, '2018-05-04 06:30:02', '2018-05-04 06:30:02'),
(663, 'Aalok Manacle', '+918447014635', 130, '2018-05-04 06:30:02', '2018-05-04 06:30:02'),
(664, 'Sandeep Winklix', '9650823360', 130, '2018-05-04 06:30:02', '2018-05-04 06:30:02'),
(665, 'Neetu Premnagar', '9808979782', 130, '2018-05-04 06:30:02', '2018-05-04 06:30:02'),
(666, 'Salilesh Room', '+91 70652 74576', 130, '2018-05-04 06:30:02', '2018-05-04 06:30:02'),
(667, 'Anki Bhula', '+917060477254', 130, '2018-05-04 06:30:02', '2018-05-04 06:30:02'),
(668, 'Musa Bhatwari', '+91 99717 85898', 130, '2018-05-04 06:30:02', '2018-05-04 06:30:02'),
(669, 'Praveen Bhula', '95363 10279', 130, '2018-05-04 06:30:02', '2018-05-04 06:30:02'),
(670, 'Pinky Banglor', '+918126872035', 130, '2018-05-04 06:30:02', '2018-05-04 06:30:02'),
(671, 'Seema Dehradun', '8171974673', 130, '2018-05-04 06:30:02', '2018-05-04 06:30:02'),
(672, 'Sanday Chauhan', '+919571459203', 130, '2018-05-04 06:30:02', '2018-05-04 06:30:02'),
(673, 'Aashu Balawala', '+917028027791', 130, '2018-05-04 06:30:02', '2018-05-04 06:30:02'),
(674, 'Ankit Fluper', '9536460463', 130, '2018-05-04 06:30:02', '2018-05-04 06:30:02'),
(675, 'Pinky Banglor', '+91 81268 72035', 130, '2018-05-04 06:30:02', '2018-05-04 06:30:02'),
(676, 'Yashu', '+918285851581', 130, '2018-05-04 06:30:02', '2018-05-04 06:30:02'),
(677, 'Abhijeet', '+919599212264', 130, '2018-05-04 06:30:02', '2018-05-04 06:30:02'),
(678, 'Roopa', '+91 84048 98700', 130, '2018-05-04 06:30:02', '2018-05-04 06:30:02'),
(679, 'geetvoda', '+919627810856', 130, '2018-05-04 06:30:02', '2018-05-04 06:30:02'),
(680, 'Durgesh Sgrr', '+919411364050', 130, '2018-05-04 06:30:02', '2018-05-04 06:30:02'),
(681, 'Neeraj Jio', '+918218860272', 130, '2018-05-04 06:30:02', '2018-05-04 06:30:02'),
(682, 'Mukesh Rauthan Ji', '+91 80575 66198', 130, '2018-05-04 06:30:02', '2018-05-04 06:30:02'),
(683, 'Gopal Sir', '9456632464', 130, '2018-05-04 06:30:02', '2018-05-04 06:30:02'),
(684, 'Umesh Sir', '+91 99110 18869', 130, '2018-05-04 06:30:02', '2018-05-04 06:30:02'),
(685, 'Shahil Manacle', '+919899230068', 130, '2018-05-04 06:30:02', '2018-05-04 06:30:02'),
(686, 'Rohit Bhai Winklix', '+918802272531', 130, '2018-05-04 06:30:02', '2018-05-04 06:30:02'),
(687, 'Seema Dehradun', '81719 74673', 130, '2018-05-04 06:30:02', '2018-05-04 06:30:02'),
(688, 'Aalok Manacle', '+91 84470 14635', 130, '2018-05-04 06:30:02', '2018-05-04 06:30:02'),
(689, 'Neetu Premnagar', '98089 79782', 130, '2018-05-04 06:30:02', '2018-05-04 06:30:02'),
(690, 'Yashu', '+91 82858 51581', 130, '2018-05-04 06:30:02', '2018-05-04 06:30:02'),
(691, 'Saterdr Painter', '99174 73202', 130, '2018-05-04 06:30:02', '2018-05-04 06:30:02'),
(692, 'Naseem Negi', '96 27 394302', 130, '2018-05-04 06:30:02', '2018-05-04 06:30:02'),
(693, 'Sandu Bhatwari', '+918126600919', 130, '2018-05-04 06:30:02', '2018-05-04 06:30:02'),
(694, 'Rishabh', '97930 18251', 130, '2018-05-04 06:30:02', '2018-05-04 06:30:02'),
(695, 'geetvoda', '+91 96278 10856', 130, '2018-05-04 06:30:02', '2018-05-04 06:30:02'),
(696, 'Ana Geet Di', '+919557548873', 130, '2018-05-04 06:30:02', '2018-05-04 06:30:02'),
(697, 'Abhijeet', '+91 95992 12264', 130, '2018-05-04 06:30:02', '2018-05-04 06:30:02'),
(698, 'Otp', '92 65 70', 130, '2018-05-04 06:30:02', '2018-05-04 06:30:02'),
(699, 'GOLU', '+91 95572 99071', 130, '2018-05-04 06:30:02', '2018-05-04 06:30:02'),
(700, 'Alok Sukhla', '+91 89504 76398', 130, '2018-05-04 06:30:02', '2018-05-04 06:30:02'),
(701, 'GOLU', '+919557299071', 130, '2018-05-04 06:30:02', '2018-05-04 06:30:02'),
(702, 'Tai Ji Patyu', '+91 89589 53092', 130, '2018-05-04 06:30:02', '2018-05-04 06:30:02'),
(703, 'Navneet Akshrdham', '+918077636490', 130, '2018-05-04 06:30:02', '2018-05-04 06:30:02'),
(704, 'neeraj voda', '96 39 100578', 130, '2018-05-04 06:30:02', '2018-05-04 06:30:02'),
(705, 'Alok Sukhla', '+918950476398', 130, '2018-05-04 06:30:02', '2018-05-04 06:30:02'),
(706, 'Swati Dehradun', '+917409626234', 130, '2018-05-04 06:30:02', '2018-05-04 06:30:02'),
(707, 'Vandana Didi', '+91 81268 07944', 130, '2018-05-04 06:30:02', '2018-05-04 06:30:02'),
(708, 'Satendra Painter', '9917473202', 130, '2018-05-04 06:30:02', '2018-05-04 06:30:02'),
(709, 'Vandana Didi', '+918126807944', 130, '2018-05-04 06:30:02', '2018-05-04 06:30:02'),
(710, 'Durgesh Roomie', '9953504928', 130, '2018-05-04 06:30:02', '2018-05-04 06:30:02'),
(711, 'Satendra Painter', '+91 99174 73202', 130, '2018-05-04 06:30:02', '2018-05-04 06:30:02'),
(712, 'Vandu', '+917017768076', 130, '2018-05-04 06:30:02', '2018-05-04 06:30:02'),
(713, 'Pawan Manacle', '9821565519', 130, '2018-05-04 06:30:02', '2018-05-04 06:30:02'),
(714, 'Naveen Sir Manacle', '9968048983', 130, '2018-05-04 06:30:02', '2018-05-04 06:30:02'),
(715, 'Bhupi Kandari Bhai (Pokhri)', '+91 97202 30243', 130, '2018-05-04 06:30:02', '2018-05-04 06:30:02'),
(716, 'Sangeeta Uniyal', '98733 09662', 130, '2018-05-04 06:30:02', '2018-05-04 06:30:02'),
(717, 'Ana Geet Di', '+91 95575 48873', 130, '2018-05-04 06:30:02', '2018-05-04 06:30:02'),
(718, 'Durgesh Sgrr', '+91 94113 64050', 130, '2018-05-04 06:30:02', '2018-05-04 06:30:02'),
(719, 'Anita Bhabhi Ji', '+917302779245', 130, '2018-05-04 06:30:02', '2018-05-04 06:30:02'),
(720, 'Geetu Noida', '+918218054772', 130, '2018-05-04 06:30:02', '2018-05-04 06:30:02'),
(721, 'Ankit Fluper', '95364 60463', 130, '2018-05-04 06:30:02', '2018-05-04 06:30:02'),
(722, 'Sanjeev Kumar', '98896 10148', 130, '2018-05-04 06:30:02', '2018-05-04 06:30:02'),
(723, 'Sanday Chauhan', '+91 95714 59203', 130, '2018-05-04 06:30:02', '2018-05-04 06:30:02'),
(724, 'Sanjeev Kumar', '9889610148', 130, '2018-05-04 06:30:02', '2018-05-04 06:30:02'),
(725, 'Anu Bhula', '+919458372507', 130, '2018-05-04 06:30:02', '2018-05-04 06:30:02'),
(726, 'Swati Dehradun', '+91 74096 26234', 130, '2018-05-04 06:30:02', '2018-05-04 06:30:02'),
(727, 'Bhupi Lala', '+91 96346 07563', 130, '2018-05-04 06:30:02', '2018-05-04 06:30:02'),
(728, 'vishu', '84 45 709335', 130, '2018-05-04 06:30:02', '2018-05-04 06:30:02'),
(729, 'Geeta Gio', '+919210201489', 130, '2018-05-04 06:30:02', '2018-05-04 06:30:02'),
(730, 'Rakesh Rai', '+91 92894 17906', 130, '2018-05-04 06:30:02', '2018-05-04 06:30:02'),
(731, 'vishu', '84 70 817278', 130, '2018-05-04 06:30:02', '2018-05-04 06:30:02'),
(732, 'Umesh Sir', '+919911018869', 130, '2018-05-04 06:30:02', '2018-05-04 06:30:02'),
(733, 'Komal', '8384868578', 130, '2018-05-04 06:30:02', '2018-05-04 06:30:02'),
(734, 'Yamna', '+919999603133', 130, '2018-05-04 06:30:02', '2018-05-04 06:30:02'),
(735, 'Sandu Bhatwari', '+91 81266 00919', 130, '2018-05-04 06:30:02', '2018-05-04 06:30:02'),
(736, 'Roopa', '+918404898700', 130, '2018-05-04 06:30:03', '2018-05-04 06:30:03'),
(737, 'Santosh Bhai', '+91 70604 99724', 130, '2018-05-04 06:30:03', '2018-05-04 06:30:03'),
(738, 'Manku', '+918979890269', 130, '2018-05-04 06:30:03', '2018-05-04 06:30:03'),
(739, 'Amita Bhuli', '+91 99274 98030', 130, '2018-05-04 06:30:03', '2018-05-04 06:30:03');

-- --------------------------------------------------------

--
-- Table structure for table `feeds`
--

CREATE TABLE `feeds` (
  `id` bigint(20) NOT NULL,
  `wedding_id` bigint(20) NOT NULL,
  `caption` text,
  `user_id` bigint(20) NOT NULL,
  `status` int(11) NOT NULL DEFAULT '1' COMMENT 'show / hide',
  `created_at` timestamp NOT NULL DEFAULT CURRENT_TIMESTAMP,
  `updated_at` timestamp NOT NULL DEFAULT CURRENT_TIMESTAMP ON UPDATE CURRENT_TIMESTAMP
) ENGINE=InnoDB DEFAULT CHARSET=latin1;

--
-- Dumping data for table `feeds`
--

INSERT INTO `feeds` (`id`, `wedding_id`, `caption`, `user_id`, `status`, `created_at`, `updated_at`) VALUES
(1, 6, 'Welcome boys', 78, 1, '2018-05-03 12:38:50', '2018-05-03 12:38:50'),
(3, 6, 'Enjoying', 78, 1, '2018-05-03 12:45:31', '2018-05-03 12:45:31'),
(4, 6, 'Love it', 78, 1, '2018-05-03 12:46:23', '2018-05-03 12:46:23'),
(5, 6, 'Leavinf', 78, 1, '2018-05-03 12:47:48', '2018-05-03 12:47:48'),
(6, 6, 'My house', 78, 1, '2018-05-03 12:48:37', '2018-05-03 12:48:37'),
(7, 6, 'My house', 78, 1, '2018-05-03 12:50:50', '2018-05-03 12:50:50'),
(8, 25, 'Ghghghaghds', 96, 1, '2018-05-03 12:54:27', '2018-05-03 12:54:27'),
(9, 25, 'Hgghhgdsderere', 96, 1, '2018-05-03 12:54:51', '2018-05-03 12:55:18'),
(10, 6, 'Enjoyed lot', 78, 1, '2018-05-03 13:06:33', '2018-05-03 13:06:33'),
(11, 6, 'Wedding bells', 98, 1, '2018-05-03 13:14:30', '2018-05-03 13:14:30'),
(12, 6, 'My post', 98, 1, '2018-05-03 13:25:26', '2018-05-03 13:25:26'),
(18, 29, 'Chhhhjh', 106, 1, '2018-05-03 14:29:33', '2018-05-03 14:29:33'),
(23, 29, 'Bbjj', 106, 1, '2018-05-03 14:34:20', '2018-05-03 14:34:20'),
(26, 30, 'Gah she shsh schuss JSUshshsdhs', 108, 1, '2018-05-03 14:47:22', '2018-05-03 14:47:42'),
(27, 26, 'Tt', 98, 1, '2018-05-03 17:16:58', '2018-05-03 17:16:58'),
(30, 33, 'Yuo', 130, 1, '2018-05-04 06:43:47', '2018-05-04 06:43:47'),
(31, 33, 'Yuo', 130, 1, '2018-05-04 06:44:14', '2018-05-04 06:44:14'),
(32, 33, 'Good morning', 130, 1, '2018-05-04 07:00:21', '2018-05-04 07:00:21'),
(33, 33, 'Good morning', 130, 1, '2018-05-04 07:01:59', '2018-05-04 07:01:59');

-- --------------------------------------------------------

--
-- Table structure for table `function`
--

CREATE TABLE `function` (
  `id` bigint(20) NOT NULL,
  `function_name` text NOT NULL,
  `function_image` text,
  `function_location` text,
  `function_date` text NOT NULL,
  `created_by_user_id` bigint(20) NOT NULL,
  `created_at` timestamp NOT NULL DEFAULT CURRENT_TIMESTAMP,
  `updated_at` timestamp NOT NULL DEFAULT CURRENT_TIMESTAMP ON UPDATE CURRENT_TIMESTAMP
) ENGINE=InnoDB DEFAULT CHARSET=latin1;

--
-- Dumping data for table `function`
--

INSERT INTO `function` (`id`, `function_name`, `function_image`, `function_location`, `function_date`, `created_by_user_id`, `created_at`, `updated_at`) VALUES
(1, 'edges', '1525091347_1525091346.jpeg', 'Noida,U.P', '30-07-2018', 4, '2018-04-30 12:25:58', '2018-04-30 12:29:07'),
(2, 'guarav mehendi 30 April', '1525092443_download.png', 'function_location noida', '05-05-2018', 4, '2018-04-30 12:27:25', '2018-04-30 12:47:23'),
(3, 'haldi', '1525092372_1525092367.jpeg', 'Noida,U.P', '30-06-2018', 4, '2018-04-30 12:38:48', '2018-04-30 12:46:12'),
(4, 'guarav mehendi 30 April', '1525340048_ic_heart.png', 'function_location noida', '05-05-2018', 1, '2018-04-30 12:45:48', '2018-05-03 09:34:08'),
(5, 'hhh', '1525093068_1525093068.jpeg', 'Noida,U.P', '30-06-2018', 4, '2018-04-30 12:56:14', '2018-04-30 12:57:48'),
(6, 'sdfsdfg', '1525093519_1525093518.jpeg', 'Noida,U.P', '30-06-2018', 4, '2018-04-30 13:05:19', '2018-04-30 13:05:19'),
(7, 'Haldi', '1525097456_1525097457.jpeg', 'Noida,U.P', '30-05-2018', 4, '2018-04-30 13:26:01', '2018-04-30 14:10:56'),
(8, 'jjj', '1525095004_1525095004.jpeg', 'Noida,U.P', '30-05-2018', 4, '2018-04-30 13:30:04', '2018-04-30 13:30:04'),
(9, 'sdfsdf', '1525095573_1525095569.jpeg', 'Noida,U.P', '30-06-2018', 4, '2018-04-30 13:38:18', '2018-04-30 13:39:33'),
(10, 'jhghhjhgjh', '1525095998_1525095994.jpeg', 'Noida,U.P', '30-06-2018', 4, '2018-04-30 13:44:02', '2018-04-30 13:46:38'),
(11, 'dfgvsdg', '1525096197_1525096197.jpeg', 'Noida,U.P', '30-06-2018', 4, '2018-04-30 13:49:48', '2018-04-30 13:49:57'),
(12, 'dfgsdgsg', '1525096470_1525096470.jpeg', 'Noida,U.P', '30-08-2018', 4, '2018-04-30 13:54:19', '2018-04-30 13:54:30'),
(13, 'dsfsdfsdf', '1525096691_1525096691.jpeg', 'Noida,U.P', '30-07-2018', 4, '2018-04-30 13:58:02', '2018-04-30 13:58:11'),
(14, 'Haldi', '1525152267_1525152266.jpeg', 'Noida,U.P', '01-12-2018', 4, '2018-05-01 05:24:04', '2018-05-01 05:24:27'),
(15, 'ffgfaggfagsa', '1525187966_1525187965.jpeg', 'Noida,U.P', '09-05-2018', 4, '2018-05-01 15:19:10', '2018-05-01 15:19:26'),
(16, 'Ring ceremony of vaisali', '1525189392_1525189227194.jpg', 'noida the celebration garden near fortis', '2018-6-1', 23, '2018-05-01 15:41:35', '2018-05-01 15:43:12'),
(17, 'vaishali wedding', '1525189936_1525189835757.jpg', 'the celebration garden near sector 62 noida', '2018-6-1', 23, '2018-05-01 15:52:16', '2018-05-01 15:52:16'),
(18, 'vaishali wedding ceremony', '1525190177_1525190102668.jpg', 'the celebration garden near bus adda', '2018-6-1', 23, '2018-05-01 15:56:17', '2018-05-01 15:56:17'),
(19, 'dd', '1525190298_1525190277277.jpg', 'ggi', '2018-6-1', 23, '2018-05-01 15:58:18', '2018-05-01 15:58:18'),
(20, 'gfdfgd', '1525190795_1525190794.jpeg', 'Noida,U.P', '11-05-2018', 62, '2018-05-01 16:06:35', '2018-05-01 16:06:35'),
(21, 'x8wh', '1525190852_1525190837862.jpg', 'scw', '2019-5-1', 23, '2018-05-01 16:07:32', '2018-05-01 16:07:32'),
(23, 'fgfgfg', '1525239315_category.png', 'function_location noida', '24-05-2018', 4, '2018-05-02 05:35:15', '2018-05-02 05:35:15'),
(24, 'gusty', '1525239413_1525239411.jpeg', 'Noida,U.P', '23-05-2018', 4, '2018-05-02 05:36:53', '2018-05-02 05:36:53'),
(25, 'ghghhg', '1525239582_1525239581.jpeg', 'Noida,U.P', '10-05-2018', 4, '2018-05-02 05:39:42', '2018-05-02 05:39:42'),
(26, 'fgfgfgrergt', '1525239823_category.png', 'function_location noida', '24-05-2018', 4, '2018-05-02 05:41:31', '2018-05-02 05:43:43'),
(27, 'xvzdgv', '1525239886_1525239885.jpeg', 'Noida,U.P', '02-08-2018', 4, '2018-05-02 05:44:46', '2018-05-02 05:44:46'),
(28, 'haldi', '1525241463_1525241463215.jpg', 'noida', '2018-5-2', 65, '2018-05-02 06:11:03', '2018-05-02 06:11:03'),
(29, 'dsghdsh', '1525241650_1525241649.jpeg', 'Noida,U.P', '17-05-2018 11:43:23', 4, '2018-05-02 06:14:10', '2018-05-02 06:14:10'),
(30, 'sffssf', '1525254600_1525254598.jpeg', 'Florida, USA', '04-05-2018 03:19:33', 72, '2018-05-02 09:50:00', '2018-05-02 09:50:00'),
(31, 'fgfgfg', '1525255031_1525255030.jpeg', 'Jakarta, Indonesia', '10-07-2018 03:26:46', 72, '2018-05-02 09:57:11', '2018-05-02 09:57:11'),
(32, 'Ring ceremony', '1525270609_Screenshot_20180416-092016.png', 'noida', '2018-5-27', 65, '2018-05-02 14:16:49', '2018-05-02 14:16:49'),
(33, 'Wedding bells', '1525277469_Screenshot_20180320-102523.png', 'delhi', '2018-5-27', 78, '2018-05-02 16:11:09', '2018-05-02 16:11:09'),
(34, 'fgsgsfsafg', '1525287828_1525287827.jpeg', 'Central Java, Indonesia', '03-05-2018 12:36:47', 72, '2018-05-02 19:03:48', '2018-05-02 19:03:48'),
(35, 'hjhjhj', '1525288835_1525288833.jpeg', 'Houston, TX, USA', '04-05-2018 12:53:00', 72, '2018-05-02 19:20:35', '2018-05-02 19:20:35'),
(36, 'rteersdfs', '1525289369_1525289368.jpeg', 'Jupiter, FL, USA', '03-05-2018 01:01:00', 72, '2018-05-02 19:29:29', '2018-05-02 19:29:29'),
(37, 'gx', '1525336782_IMG_20180412_203414.jpg', 'bx', '2018-5-31', 78, '2018-05-03 08:39:42', '2018-05-03 08:39:42'),
(38, 'yy', '1525339333_1525339266320.jpg', 'delhi', '2018-5-24', 78, '2018-05-03 09:22:13', '2018-05-03 09:22:13'),
(39, 'My Wedding Ceremony', '1525339890_1525339841523.jpg', 'new delhi india', '2018-5-31', 78, '2018-05-03 09:31:30', '2018-05-03 09:31:30'),
(40, 'wedding bells', '1525341379_1524655116_magazine-unlock-05-2.3.948-_41d82a0773104f38b390ed151f8684d1.jpg', 'lnew delhi the celebration garden', '2018-5-19', 23, '2018-05-03 09:56:19', '2018-05-03 09:56:19'),
(41, 'nnhhg', '1525342689_1525342723396.jpg', 'vb', '2018-5-3', 84, '2018-05-03 10:18:09', '2018-05-03 10:18:09'),
(42, 'xrbxbx', '1525343328_1525343349127.jpg', 'bxb', '2018-5-4', 84, '2018-05-03 10:28:48', '2018-05-03 10:28:48'),
(43, 'haldi', '1525343461_1525343494560.jpg', 'lucknow', '2018-5-7', 84, '2018-05-03 10:31:01', '2018-05-03 10:31:01'),
(44, 'My wedding Cocktail', '1525346895_1525346807699.jpg', 'new delhi', '2018-5-31', 78, '2018-05-03 11:28:15', '2018-05-03 11:28:15'),
(45, 'ghgh', '1525349330_1525349328.jpeg', 'Hyderabad, Telangana, India', '03-05-2018 07:39:17', 94, '2018-05-03 12:08:50', '2018-05-03 12:08:50'),
(46, 'ghgh', '1525349441_1525349440.jpeg', 'Jakarta, Indonesia', '04-05-2018 05:40:14', 94, '2018-05-03 12:10:41', '2018-05-03 12:10:41'),
(47, 'guarav mehendi Now', '1525359641_wed_ban.jpg', 'function_location function_location', '05-05-2019', 98, '2018-05-03 13:13:22', '2018-05-03 15:00:41'),
(48, 'garetwyui', '1525358777_1525358777.jpeg', 'Jupiter, FL, USA', '06-05-2018 10:15:55', 108, '2018-05-03 14:46:17', '2018-05-03 14:46:17'),
(49, 'hateful', '1525358913_1525358912.jpeg', 'Houston, TX, USA', '12-05-2018 02:18:10', 108, '2018-05-03 14:48:33', '2018-05-03 14:48:33'),
(50, 'durga poja', '1525361484_IMG_20170814_225848.jpg', 'delhi', '2018-5-31', 98, '2018-05-03 15:31:24', '2018-05-03 15:31:24'),
(51, 'ggg', '1525361811_IMG_20180226_120033.jpg', 'gg', '2018-5-31', 98, '2018-05-03 15:36:51', '2018-05-03 15:36:51'),
(52, 'moja', '1525362996_1525362993831.jpg', 'cg', '2018-05-03', 98, '2018-05-03 15:37:33', '2018-05-03 15:56:36'),
(53, 'welcoming guest', '1525409488_IMG_20180412_204053.jpg', 'noida india', '2018-5-31', 112, '2018-05-04 04:49:39', '2018-05-04 04:51:28'),
(54, 'Ganesh Aarti', '1525415419_IMG_20171015_153728.jpg', 'new delhi india', '2018-5-30', 130, '2018-05-04 06:30:19', '2018-05-04 06:30:19'),
(55, 'Wedding location', '1525415873_IMG_20171019_193851.jpg', 'The Bhandari palace new rispna pul dehradun. near new freinds colony uttrakhand', '2018-5-31', 130, '2018-05-04 06:37:53', '2018-05-04 06:37:53');

-- --------------------------------------------------------

--
-- Table structure for table `hidden_feeds`
--

CREATE TABLE `hidden_feeds` (
  `id` bigint(20) NOT NULL,
  `feed_id` bigint(20) NOT NULL,
  `user_id` bigint(20) NOT NULL,
  `created_at` timestamp NOT NULL DEFAULT CURRENT_TIMESTAMP,
  `updated_at` timestamp NOT NULL DEFAULT CURRENT_TIMESTAMP ON UPDATE CURRENT_TIMESTAMP,
  `deleted_at` text
) ENGINE=InnoDB DEFAULT CHARSET=latin1;

-- --------------------------------------------------------

--
-- Table structure for table `invites`
--

CREATE TABLE `invites` (
  `id` bigint(20) NOT NULL,
  `contact_id` bigint(20) NOT NULL,
  `function_id` bigint(20) NOT NULL,
  `created_at` timestamp NOT NULL DEFAULT CURRENT_TIMESTAMP,
  `updated_at` timestamp NOT NULL DEFAULT CURRENT_TIMESTAMP ON UPDATE CURRENT_TIMESTAMP,
  `deleted_at` varchar(255) DEFAULT NULL
) ENGINE=InnoDB DEFAULT CHARSET=latin1;

--
-- Dumping data for table `invites`
--

INSERT INTO `invites` (`id`, `contact_id`, `function_id`, `created_at`, `updated_at`, `deleted_at`) VALUES
(1, 1, 2, '2018-04-30 12:27:25', '2018-04-30 12:27:25', NULL),
(2, 2, 2, '2018-04-30 12:27:25', '2018-04-30 12:27:25', NULL),
(3, 3, 2, '2018-04-30 12:27:25', '2018-04-30 12:27:25', NULL),
(4, 1, 4, '2018-04-30 12:45:48', '2018-04-30 12:45:48', NULL),
(5, 2, 4, '2018-04-30 12:45:48', '2018-04-30 12:45:48', NULL),
(6, 4, 4, '2018-04-30 12:45:48', '2018-04-30 12:45:48', NULL),
(7, 5, 4, '2018-04-30 12:45:48', '2018-04-30 12:45:48', NULL),
(8, 7, 4, '2018-04-30 12:45:48', '2018-04-30 12:45:48', NULL),
(9, 10, 4, '2018-04-30 12:45:48', '2018-04-30 12:45:48', NULL),
(10, 2, 11, '2018-04-30 13:49:57', '2018-04-30 13:49:57', NULL),
(11, 3, 11, '2018-04-30 13:49:57', '2018-04-30 13:49:57', NULL),
(12, 1, 12, '2018-04-30 13:54:30', '2018-04-30 13:54:30', NULL),
(13, 2, 12, '2018-04-30 13:54:30', '2018-04-30 13:54:30', NULL),
(14, 2, 13, '2018-04-30 13:58:11', '2018-04-30 13:58:11', NULL),
(15, 3, 13, '2018-04-30 13:58:11', '2018-04-30 13:58:11', NULL),
(16, 1, 7, '2018-04-30 14:10:56', '2018-04-30 14:10:56', NULL),
(17, 2, 7, '2018-04-30 14:10:56', '2018-04-30 14:10:56', NULL),
(18, 3, 7, '2018-04-30 14:10:56', '2018-04-30 14:10:56', NULL),
(19, 1, 14, '2018-05-01 05:24:27', '2018-05-01 05:24:27', NULL),
(20, 2, 14, '2018-05-01 05:24:27', '2018-05-01 05:24:27', NULL),
(21, 3, 14, '2018-05-01 05:24:27', '2018-05-01 05:24:27', NULL),
(22, 2, 15, '2018-05-01 15:19:26', '2018-05-01 15:19:26', NULL),
(23, 3, 15, '2018-05-01 15:19:26', '2018-05-01 15:19:26', NULL),
(24, 10, 20, '2018-05-01 16:06:35', '2018-05-01 16:06:35', NULL),
(25, 11, 20, '2018-05-01 16:06:35', '2018-05-01 16:06:35', NULL),
(26, 15, 4, '2018-05-02 05:05:55', '2018-05-02 05:05:55', NULL),
(29, 1, 26, '2018-05-02 05:41:31', '2018-05-02 05:41:31', NULL),
(30, 2, 26, '2018-05-02 05:41:31', '2018-05-02 05:41:31', NULL),
(31, 4, 26, '2018-05-02 05:41:31', '2018-05-02 05:41:31', NULL),
(32, 5, 26, '2018-05-02 05:41:31', '2018-05-02 05:41:31', NULL),
(33, 7, 26, '2018-05-02 05:41:31', '2018-05-02 05:41:31', NULL),
(34, 10, 26, '2018-05-02 05:41:31', '2018-05-02 05:41:31', NULL),
(35, 15, 26, '2018-05-02 05:41:31', '2018-05-02 05:41:31', NULL),
(36, 402, 49, '2018-05-03 14:48:33', '2018-05-03 14:48:33', NULL),
(37, 400, 49, '2018-05-03 14:48:33', '2018-05-03 14:48:33', NULL),
(38, 1, 47, '2018-05-03 15:00:41', '2018-05-03 15:00:41', NULL),
(39, 2, 47, '2018-05-03 15:00:41', '2018-05-03 15:00:41', NULL),
(40, 4, 47, '2018-05-03 15:00:41', '2018-05-03 15:00:41', NULL),
(41, 5, 47, '2018-05-03 15:00:41', '2018-05-03 15:00:41', NULL),
(42, 7, 47, '2018-05-03 15:00:41', '2018-05-03 15:00:41', NULL),
(43, 10, 47, '2018-05-03 15:00:41', '2018-05-03 15:00:41', NULL),
(44, 11, 47, '2018-05-03 15:00:41', '2018-05-03 15:00:41', NULL);

-- --------------------------------------------------------

--
-- Table structure for table `report_feeds`
--

CREATE TABLE `report_feeds` (
  `id` bigint(20) NOT NULL,
  `user_id` bigint(20) NOT NULL,
  `feed_id` bigint(20) NOT NULL,
  `message` varchar(255) NOT NULL,
  `created_at` timestamp NOT NULL DEFAULT CURRENT_TIMESTAMP,
  `updated_at` timestamp NULL DEFAULT CURRENT_TIMESTAMP ON UPDATE CURRENT_TIMESTAMP
) ENGINE=InnoDB DEFAULT CHARSET=latin1;

--
-- Dumping data for table `report_feeds`
--

INSERT INTO `report_feeds` (`id`, `user_id`, `feed_id`, `message`, `created_at`, `updated_at`) VALUES
(1, 98, 15, 'Its Spam', '2018-05-03 14:17:27', '2018-05-03 14:17:27');

-- --------------------------------------------------------

--
-- Table structure for table `users`
--

CREATE TABLE `users` (
  `id` bigint(20) NOT NULL,
  `first_name` text,
  `last_name` text,
  `email` text,
  `social_id` varchar(255) DEFAULT NULL,
  `profile_image` text,
  `country_code` varchar(255) NOT NULL,
  `mobile` varchar(255) NOT NULL,
  `user_type` int(11) NOT NULL COMMENT '1 (bride) 2(groom) 3(host) 4(vendor)',
  `relation` varchar(255) DEFAULT NULL,
  `remember_token` varchar(255) DEFAULT NULL,
  `complete_profile_status` bigint(20) NOT NULL DEFAULT '0',
  `status` bigint(20) NOT NULL DEFAULT '1',
  `otp` varchar(2555) DEFAULT NULL,
  `otp_verified` bigint(20) DEFAULT NULL,
  `password` varchar(255) DEFAULT NULL,
  `created_at` varchar(255) NOT NULL,
  `created_by_user_id` bigint(20) DEFAULT NULL,
  `device_token` varchar(255) DEFAULT NULL,
  `device_type` bigint(20) DEFAULT NULL,
  `wedding_status` bigint(20) NOT NULL DEFAULT '0',
  `is_signed_up` int(11) DEFAULT '1' COMMENT 'if groom create wedding and bride not register yet , in that case bride signed up key would be 0',
  `updated_at` varchar(255) NOT NULL,
  `deleted_at` varchar(255) DEFAULT NULL
) ENGINE=InnoDB DEFAULT CHARSET=latin1;

--
-- Dumping data for table `users`
--

INSERT INTO `users` (`id`, `first_name`, `last_name`, `email`, `social_id`, `profile_image`, `country_code`, `mobile`, `user_type`, `relation`, `remember_token`, `complete_profile_status`, `status`, `otp`, `otp_verified`, `password`, `created_at`, `created_by_user_id`, `device_token`, `device_type`, `wedding_status`, `is_signed_up`, `updated_at`, `deleted_at`) VALUES
(1, NULL, NULL, NULL, NULL, NULL, '+91', '8410107875', 2, NULL, '1e38861d2c9f2ac1e108156bfd1c908a', 0, 1, '', 1, '$2y$10$2hOD.jXubnDug.PrIVd7v.PREvZXN6HMTq5W1SAxohVZCHkiy9Wl2', '2018-04-30 07:21:20', NULL, '2154545156we14r651g65e1rg651er', 1, 1, 1, '2018-04-30 09:32:49', NULL),
(3, NULL, NULL, NULL, NULL, NULL, '+91', '8791564865', 1, NULL, '59233cfdacedb924f513461bbe655692', 0, 1, '', 1, '$2y$10$DoW2UdnOopQ5FQYq4FubR.zCpy1Rs9Op/VWS3v.Q2ugz0urU4Tppm', '2018-04-30 07:22:13', NULL, '2154545156we14r651g65e1rg651er', 1, 1, 1, '2018-04-30 09:33:17', NULL),
(4, 'Test', 'User', 'tt@gmail.com', NULL, '_1525073417_1525073416.jpeg', '+91', '9090909090', 2, NULL, '77a7b7dea55111146b6ab4a618dc3370', 1, 1, '', 1, '$2y$10$ZyrUu9.CDI6r77x9uRRJdupr5gMYseHVmEn1lrbHp47B.pFVg3Hf6', '2018-04-30 07:28:57', NULL, '1234567', 2, 1, 1, '2018-05-02 18:40:34', NULL),
(5, NULL, NULL, NULL, NULL, NULL, '+91', '8080808080', 1, NULL, NULL, 0, 1, NULL, NULL, NULL, '2018-04-30 07:32:00', NULL, NULL, NULL, 0, 1, '2018-04-30 07:32:00', NULL),
(6, 'Dshg', 'Hgsgd', 'gdg@fgff.com', NULL, '_1525073694_1525073689.jpeg', '+91', '1234567890', 2, NULL, '26ea90382af4019fc45d5e40cc5489a6', 1, 1, '', 1, '$2y$10$qQkE02OKIYPa2fOFiQz/f.bkFyCi/90qlUNcy3D6RBv61DdJF5GXq', '2018-04-30 07:32:09', NULL, '1234567', 2, 1, 1, '2018-04-30 07:38:09', NULL),
(7, NULL, NULL, NULL, NULL, NULL, '+91', '6372937464', 1, NULL, NULL, 0, 1, NULL, NULL, NULL, '2018-04-30 07:36:34', NULL, NULL, NULL, 0, 1, '2018-04-30 07:36:34', NULL),
(8, NULL, NULL, NULL, NULL, NULL, '+91', '6372937460', 1, NULL, NULL, 0, 1, NULL, NULL, NULL, '2018-04-30 07:37:14', NULL, NULL, NULL, 1, 1, '2018-04-30 07:38:09', NULL),
(10, 'test bride', 'fluper', NULL, NULL, NULL, '+91', '8881438096', 1, NULL, NULL, 0, 1, NULL, NULL, '$2y$10$dah9.eHvH09B2yn.J7pyiu7yEBq.KjtOREEJ8TEbSr.JLHEX7ZFQ.', '2018-04-30 07:42:10', NULL, NULL, NULL, 1, 0, '2018-04-30 07:42:10', NULL),
(11, 'Shgshg', 'Hgcghsgh', 'gdgf@fdg.com', NULL, '_1525074505_1525074502.jpeg', '+91-', '123456790', 4, NULL, '01603095e97146b44bc895cbec95f2a1', 1, 1, '', 1, '$2y$10$gS3.IV4Y9fUtAFEz/RW9XeujLZn.qvN3AEFErKUBH8Pw6IjlWvuYS', '2018-04-30 07:47:40', NULL, '1234567', 2, 0, 1, '2018-04-30 07:52:13', NULL),
(12, 'Hgdssgh', 'Ghsdsdhg', 'gdfg@fdg.com', NULL, '_1525074942_1525074938.jpeg', '+91-', '9876543210', 2, NULL, '431e0eebb167fa847ee927f3b5acaaa1', 1, 1, '', 1, '$2y$10$0uYHc6SvorNZB3hvO6dslubg05L15M6UH1p98qLO3q02oABFs51pS', '2018-04-30 07:55:04', NULL, '1234567', 2, 1, 1, '2018-04-30 08:14:33', NULL),
(13, 'high', 'hgghgh', NULL, NULL, NULL, '+91', '2244668800', 1, NULL, NULL, 0, 1, NULL, NULL, '$2y$10$3fcj2iwyJ3x0LdHyN9gujuRdFjpRDEo2pv.6QCV.o9DyrEJb3U6UG', '2018-04-30 07:57:02', NULL, NULL, NULL, 1, 0, '2018-04-30 07:57:02', NULL),
(14, NULL, NULL, NULL, NULL, NULL, '91', '7291897376', 2, NULL, 'dd0faaa93deb31ac01bb1af352e7308d', 0, 1, '109859', 0, '$2y$10$b8yLjtpbO022xosItDkIEeFcaoc77KuI9x/zopv6KVvoTqYVunI4G', '2018-04-30 08:20:25', NULL, '123456', 1, 0, 1, '2018-05-01 16:04:41', NULL),
(15, 'Fgdsfg', 'Fgsdfdsdsgf', 'gsg@fdgf.com', NULL, '_1525076608_1525076606.jpeg', '+91-', '1111199990', 4, NULL, 'afb11d085cfe31f00a7654e937c6c416', 1, 1, '', 1, '$2y$10$8ADQ7IwEHLQfsTx71MHbn.UeCs1lKQRPT.wVRyZsA71HerhqYP3Aq', '2018-04-30 08:22:56', NULL, '1234567', 2, 0, 1, '2018-04-30 08:23:28', NULL),
(16, 'xyz', 'yzy', 't@gmail.com', NULL, '_1525076974_1525076695960.jpg', '91', '9876543211', 2, NULL, 'a0792b78d34caa9ea614614693256357', 1, 1, '', 1, '$2y$10$Ti6lwURoJ8mv1XaWIML5F.KcmP6s.yxZ4XqiAzyiyGfx.I.CGeYi.', '2018-04-30 08:23:28', NULL, '123456', 1, 1, 1, '2018-05-01 12:49:17', NULL),
(17, 'Gsg', 'Xbzb', NULL, NULL, NULL, '+91', '9875645789', 1, NULL, NULL, 0, 1, NULL, NULL, '$2y$10$ZSVwgOtqs32EytDJAykhWutjND3W0y..yaj5VFdka53VtCuEpDC/q', '2018-04-30 08:30:38', NULL, NULL, NULL, 1, 0, '2018-04-30 08:30:39', NULL),
(18, 'zz', 'v', 'bhandarivinod93@gmail.com', NULL, '_1525078141_1525078128054.jpg', '91', '9876547898', 2, NULL, '2ead6de251167f430b2ec54700c7d69f', 1, 1, '', 1, '$2y$10$D7OIilaJXAMNKX0GT8HCS.ufBXm6XLfYi7jRvnW86/W5dnuV2LidS', '2018-04-30 08:48:33', NULL, '123456', 1, 1, 1, '2018-04-30 08:51:00', NULL),
(19, 'Gd', 'G', NULL, NULL, NULL, '+91', '77799876580', 1, NULL, NULL, 0, 1, NULL, NULL, '$2y$10$roALwmkaJSxRJhjAeQdjuumy6Qy8Hz5w1pR0QlJZ1NkmWV380ookS', '2018-04-30 08:51:00', NULL, NULL, NULL, 1, 0, '2018-04-30 08:51:00', NULL),
(20, 'Sfgsgf', 'Gfdgfdgf', 'gdf@gdg.com', NULL, '_1525078491_1525078490.jpeg', '+91-', '7657657650', 4, NULL, '077ae6cac63491592426b67f3dbbc167', 1, 1, '', 1, '$2y$10$AqSaniQOidBkniNHQJLRBOBTw8OBKSsRg/AbHjPT.XJDWvsUJGBPO', '2018-04-30 08:54:20', NULL, '1234567', 2, 0, 1, '2018-04-30 08:54:51', NULL),
(22, 'priya', 'MEHENDIRATTA', NULL, NULL, NULL, '+91', '8178503365', 1, NULL, '3ba4d7bfc92097ad179586374e84aadb', 0, 1, '816918', 0, '$2y$10$IZNUtPEu//SPWuaT1UdkuOMSzDVdIHH7CdB1uJr44ypSrGjfma/0u', '2018-04-30 08:58:05', NULL, '2154545156we14r651g65e1rg651er', 1, 1, 1, '2018-04-30 10:14:32', NULL),
(23, 'gd', 'vd', 'ankit.kumar@fluper.in', NULL, '_1525078755_1525078735827.jpg', '91', '7291897370', 2, NULL, 'af77f888b6bf2d697e2c90db18afa8f4', 1, 1, '', 1, '$2y$10$qGR3vM3YTk4IMVYRUzbw/OlBQAYPMrmPS9uJYDh5eEhf8CQ9vt64G', '2018-04-30 08:58:15', NULL, '123456', 1, 1, 1, '2018-05-03 09:55:01', NULL),
(24, 'D he', 'Gdh', NULL, NULL, NULL, '+91', '7291897377', 1, NULL, NULL, 0, 1, NULL, NULL, '$2y$10$pKv3MjlbhOu3vnYRdkmm7OFHJ3SZ.jhllV3OrMOm8GqLd8YQzmxZW', '2018-04-30 08:59:58', NULL, NULL, NULL, 1, 0, '2018-04-30 08:59:58', NULL),
(25, 'Gfsdgffg', 'Gfsfgsgfs', 'gfh@fsdg.com', NULL, '_1525079020_1525079019.jpeg', '+91-', '7654321120', 2, NULL, '15485e0729a89dba82fb95147945d08a', 1, 1, '', 1, '$2y$10$xj1/VVYhe.nur4..FrU2EuCKuvbad/bw2N1Z2qD2vCog9OiC2SOX6', '2018-04-30 09:03:03', NULL, '1234567', 2, 1, 1, '2018-04-30 09:09:36', NULL),
(26, 'ghdgh', 'ghdhgdgh', NULL, NULL, NULL, '+91', '1234567760', 1, NULL, NULL, 0, 1, NULL, NULL, '$2y$10$FNIIU1exh/7ZAmaFCrf.n.XNxyujmwGJ6rd111a1hw6x66Q7Mal2S', '2018-04-30 09:04:45', NULL, NULL, NULL, 1, 0, '2018-04-30 09:04:45', NULL),
(27, 'Dgh', 'Hgdsghdsgh', 'gfsfg@dsdfds.com', NULL, '_1525080652_1525080651.jpeg', '+91', '9797979797', 2, NULL, 'b0a9e048b01baffc92cb8ebe7df820d6', 1, 1, '', 1, '$2y$10$EtWY5L7ErtfeJIuduloFEOVdFJtxPpCDJOQ5osM34ZO1O90OLQ0Fu', '2018-04-30 09:30:08', NULL, '1234567', 2, 1, 1, '2018-05-02 09:03:53', NULL),
(28, 'sdhgdshg', 'ghadghdah', NULL, NULL, NULL, '+91', '7979797979', 1, NULL, NULL, 0, 1, NULL, NULL, '$2y$10$5vc03cL792zYpgaOZCowtOsOTOHa8ItMAYtX5QuvqbHlurKrChqXS', '2018-04-30 09:31:40', NULL, NULL, NULL, 1, 0, '2018-04-30 09:31:40', NULL),
(29, 'Priyanka', 'Kapasiya', 'p.kapasiya5@gmail.com', '1611574448955558', 'https://lookaside.facebook.com/platform/profilepic/?asid=1611574448955558&height=200&width=200&ext=1525344385&hash=AeQOAOm_tVboTdZE', '+91', '+91-9887678686', 2, NULL, 'c0efbc77aff679052e6960681cd4c4e6', 1, 1, '662824', 0, NULL, '2018-04-30 11:02:21', NULL, '1234567', 2, 0, 1, '2018-04-30 12:37:50', NULL),
(30, 'Fgfg', 'Gffgfg', 'fdg@hdg.com', NULL, '_1525087167_1525087166.jpeg', '+91', '6565656565', 2, NULL, 'a60b7af0deb87e7aa372d1e170f097ea', 1, 1, '', 1, '$2y$10$FhgsmquJ5hmyIGNOkZxwV.G1gQWnpLzHX.VD5tfL10OwJZl/YUyCG', '2018-04-30 11:18:42', NULL, '1234567', 2, 1, 1, '2018-04-30 12:56:14', NULL),
(31, 'fggffg', 'gffgfgfg', NULL, NULL, NULL, '+91', '6363745954', 1, NULL, NULL, 0, 1, NULL, NULL, '$2y$10$/kiDdOC/x7G756NNkp.QneHpT0C7a2QirpKV/cOASYL5JOfOr6Lga', '2018-04-30 11:20:26', NULL, NULL, NULL, 1, 0, '2018-04-30 11:20:26', NULL),
(32, 'Gfdgf', 'gfdgdg', 'fg@fgfh.com', NULL, '_1525154598_1525154597.jpeg', '+91', '1234567765', 2, NULL, '6c35f6ac81a7c7e6d36a01ef21b3bb1e', 1, 1, '', 1, '$2y$10$okAAsPJrIvlcfAXY0iK5fuwOJXjTEb/o8d4vh9xmkkr/SAvigB0aS', '2018-05-01 06:02:32', NULL, '1234567', 2, 1, 1, '2018-05-01 06:04:01', NULL),
(33, 'hfhgf', 'high-frequency', NULL, NULL, NULL, '+91', '5242454143', 1, NULL, NULL, 0, 1, NULL, NULL, '$2y$10$BTd5WL/XiQ6pLwBWwNgrueEqwnEHdyidfik1gYqeJM.V2SaapeOvq', '2018-05-01 06:04:00', NULL, NULL, NULL, 1, 0, '2018-05-01 06:04:01', NULL),
(34, 'Gffg', 'Fgfgfg', 'sffg@fsgs.sd', NULL, '_1525156040_1525156038.jpeg', '+91', '6574901234', 4, NULL, '75d54633d441dbe6c06761596fc89f23', 1, 1, '', 1, '$2y$10$I00luBGiCSGXfbkwXWpzl.Q9vJgR.pmII5pu7MH7oOFqAREjh5VRq', '2018-05-01 06:26:46', NULL, '1234567', 2, 0, 1, '2018-05-01 06:27:20', NULL),
(35, 'Pooja', 'Sharma', 'poja@g.com', NULL, '_1525157150_1525157148.jpeg', '+91', '9897707070', 2, NULL, '877c9bda864b3cd449fc3e89cfa5e761', 1, 1, '', 1, '$2y$10$6qy.uxynW9JSjlgp0pCL/.iYv5KgydIavU6Pxav8tfIEtSb8bVUpC', '2018-05-01 06:44:10', NULL, '1234567', 2, 1, 1, '2018-05-01 06:46:49', NULL),
(37, 'Test', 'Bride', NULL, NULL, NULL, '+91', '9897707089', 1, NULL, NULL, 0, 1, NULL, NULL, '$2y$10$w/BbXxLsGpck32u5CVejh.FBJfmN.xmV39Y4yxSz4P/qWh5eolWVW', '2018-05-01 06:59:28', NULL, NULL, NULL, 1, 0, '2018-05-01 06:59:28', NULL),
(38, 'Gffg', 'Fgfgfg', 'hsgf@fsg.com', NULL, '_1525158200_1525158198.jpeg', '+91', '+91-1234432143', 2, NULL, '3d0d5b1ee8c3b7e5876097bcd465b27b', 1, 1, '', 1, '$2y$10$cMvcFWqxHO61vPoySVfEd.Rl078Xv4Nhjg2QlHoxYKDG7k17ER2wy', '2018-05-01 07:02:18', NULL, '1234567', 2, 1, 1, '2018-05-01 07:19:29', NULL),
(39, 'hfgfg', 'fgfgfg', NULL, NULL, NULL, '+91', '5253763542', 1, NULL, NULL, 0, 1, NULL, NULL, '$2y$10$aq1CdB9KPBzgozjnOz5tDe1A1p29jq9fBW8XzeBm0f/BrOFU2AQ/i', '2018-05-01 07:03:57', NULL, NULL, NULL, 1, 0, '2018-05-01 07:03:58', NULL),
(40, NULL, NULL, NULL, NULL, NULL, '+91', '1234555555', 4, NULL, '788123bf7ccd337f3e4c0e21872ac77a', 0, 1, '', 1, '$2y$10$G0qvO4JQE86LHmTzwIZIxuYt6sr/uYbY.L.a.Sc09Zs8kurXN5lo2', '2018-05-01 07:35:32', NULL, '1234567', 2, 0, 1, '2018-05-01 07:36:40', NULL),
(41, 'Raju', 'Saini', 'rajusaini28@gmail.com', NULL, '_1525173161_1525173150.jpeg', '+91', '8527350945', 1, NULL, '6c0348a7a7deb4eee5f7b5c2da41c764', 1, 1, '', 1, '$2y$10$kWe1DTJ9rIjJiOpBr9B/5.PighgO4mHK6wDnLQ0OsYgEdKjL6TYM6', '2018-05-01 11:10:31', NULL, '1234567', 2, 1, 1, '2018-05-01 12:40:05', NULL),
(42, 'Raju', 'Saini', NULL, NULL, NULL, '+91', '9760777934', 2, NULL, NULL, 0, 1, NULL, NULL, '$2y$10$hmrNxxgTBhylY/979c5nnuazYDrSl.wBbBFVGb2cN7J529hU2HhbG', '2018-05-01 11:22:42', NULL, NULL, NULL, 1, 0, '2018-05-01 11:22:42', NULL),
(44, 'Raju saini', NULL, NULL, NULL, NULL, '+91', '9760777934', 3, 'Brother', NULL, 0, 1, NULL, NULL, NULL, '2018-05-01 12:06:56', 41, NULL, NULL, 0, 1, '2018-05-01 12:06:56', NULL),
(45, 'Raju saini', NULL, NULL, NULL, NULL, '+91', '8527350945', 3, 'Brother', NULL, 0, 1, NULL, NULL, NULL, '2018-05-01 12:10:10', 41, NULL, NULL, 0, 1, '2018-05-01 12:10:10', NULL),
(46, NULL, NULL, NULL, NULL, NULL, '91', '9876543219', 2, NULL, 'b4ff6a1bdca19be5d036181d4240b2b0', 0, 1, '', 1, '$2y$10$IfVD3RebS1yPGdcoiozGauLSlK/TNUA9jCMqhR2fv8vKM.RkSlHqm', '2018-05-01 13:13:01', NULL, '123456', 1, 0, 1, '2018-05-01 13:13:46', NULL),
(47, NULL, NULL, NULL, NULL, NULL, '+91', '9876542103', 2, NULL, '468665f7d206b31a170b95dbd0414c1a', 0, 1, '950901', NULL, '$2y$10$JAEA/XdtaiHQf5MfZCp7o.AkfP9d66hGvG7ZcgQKuKT0jIyPkO8MC', '2018-05-01 14:53:47', NULL, '1234567', 2, 0, 1, '2018-05-01 14:53:47', NULL),
(48, NULL, NULL, NULL, NULL, NULL, '+91', '8836767645', 2, NULL, 'ab2c5d63cb1df38d10ee81c181012183', 0, 1, '342625', NULL, '$2y$10$25Veg.WUiFRhk25dFm2ZvebvlZI6dsOuv4Uj0InZdbqSqZSckWqFm', '2018-05-01 14:54:18', NULL, '1234567', 2, 0, 1, '2018-05-01 14:54:18', NULL),
(49, NULL, NULL, NULL, NULL, NULL, '+91', '9812673645', 2, NULL, '426fca93daccc7d1aabd9b6215deb947', 0, 1, '', 1, '$2y$10$paFQO5HWJ0dqEznjDM9CKeDunnQbinGRuu2OjEfxxj1IijW3cpEMq', '2018-05-01 15:00:00', NULL, '1234567', 2, 0, 1, '2018-05-01 15:00:06', NULL),
(50, 'User', 'One', 'userone@gmail.com', NULL, '_1525187369_1525187368.jpeg', '+91', '9816725367', 2, NULL, 'fe62abb0e48a9e5aabc0601bfeac0472', 1, 1, '', 1, '$2y$10$fFEyhXxCAlV1qX6QCoYPXOEun1ZoVF7dAGnqsXHr5cQTxvhglEugG', '2018-05-01 15:08:32', NULL, '1234567', 2, 1, 1, '2018-05-01 15:10:37', NULL),
(51, 'retreat', 'Garett', NULL, NULL, NULL, '+91', '9812663718', 1, NULL, NULL, 0, 1, NULL, NULL, '$2y$10$I8onDy7hzQYEH7BtH0ojEuzi5Z8ILbM9R/lwkgXE4WsRSUm2suiEi', '2018-05-01 15:10:36', NULL, NULL, NULL, 1, 0, '2018-05-01 15:10:37', NULL),
(52, 'y', 'u', 'ugh@v.com', NULL, '_1525187589_1525187571392.jpg', '91', '0808080808', 1, NULL, '97b629d26237df7cc70599a243b077e8', 1, 1, '', 1, '$2y$10$t.NrJUnC8KtLuVnNZ0oCGOkuCeh2t8LfRZ7RUZVp5ykK4G6qGL952', '2018-05-01 15:12:05', NULL, '123456', 1, 1, 1, '2018-05-01 15:14:15', NULL),
(53, 'X Xbxb', 'Vbb', NULL, NULL, NULL, '+91', '123456789', 2, NULL, NULL, 0, 1, NULL, NULL, '$2y$10$Ch9NgPnw0KRvIa7j72TJsu7Mz7RSwrHIRqz7gHNGWniQ/xt0UZPEq', '2018-05-01 15:14:15', NULL, NULL, NULL, 1, 0, '2018-05-01 15:14:15', NULL),
(54, 'Ghaer', 'Ghjjhjh', 'hasd@gmail.com', NULL, '_1525188157_1525188156.jpeg', '+91', '9167892546', 2, NULL, 'b3e8788d39e3cb121b38461fc10f6a24', 1, 1, '', 1, '$2y$10$FNkxiFSUZdrjxE73Cz0WMeUOh6132hhIHAP9lZ1JVuC7tKdJEnLfm', '2018-05-01 15:21:54', NULL, '1234567', 2, 0, 1, '2018-05-01 15:22:37', NULL),
(55, 'Fgsgf', 'Fgdgfdgf', 'gfd@gmail.com', NULL, '_1525189709_1525189708.jpeg', '+91', '9127893456', 2, NULL, '74bb75e2f480633c4aa10b5a1d37e229', 1, 1, '', 1, '$2y$10$0NVBwik.KxtCGbo7BjBW7.d8amT9Tme9asLnFbd4aPlGbavym.kM.', '2018-05-01 15:47:51', NULL, '1234567', 2, 1, 1, '2018-05-01 15:49:05', NULL),
(56, 'fight', 'gfdghdg', NULL, NULL, NULL, '+91', '9126789345', 1, NULL, NULL, 0, 1, NULL, NULL, '$2y$10$z5VTKbeGwl20eEQJg4ZWLOXoXH6qx67PoUXRA1vcHPcZSLplDzCRS', '2018-05-01 15:49:05', NULL, NULL, NULL, 1, 0, '2018-05-01 15:49:05', NULL),
(57, 'Test', 'User', 'pr@gmail.com', NULL, '_1525189937_1525189936.jpeg', '+91', '9898001122', 2, NULL, 'fadd3ff61522a8c32a677dfa6347359c', 1, 1, '', 1, '$2y$10$ZxPzOxsg0LGRSsF5AeN8rO2H2Hj.DbXqKr5DG0ZWdWBiDv/np7N2C', '2018-05-01 15:51:43', NULL, '1234567', 2, 0, 1, '2018-05-01 15:52:17', NULL),
(58, NULL, NULL, NULL, NULL, NULL, '+91', '9834759235', 2, NULL, '332bf570afc8a85355789752a5884053', 0, 1, '', 1, '$2y$10$yYaQCUXhPFRTxya6GwdQs.dHP5wROjBz5KLnd1FvfOCCD7tyyYI06', '2018-05-01 15:53:59', NULL, '1234567', 2, 0, 1, '2018-05-01 15:54:08', NULL),
(59, 'Test', 'User', 'test@gmail.com', NULL, '_1525190140_1525190139.jpeg', '+91', '9898003344', 2, NULL, '221f0f74f3bd1a959352455844d71adc', 1, 1, '', 1, '$2y$10$UEX4I/KxaJe2sswmi97r1e2FdJ5BwX8Lb7fToosO0ESrbQ6Wk9gDq', '2018-05-01 15:55:08', NULL, '1234567', 2, 1, 1, '2018-05-01 15:56:18', NULL),
(60, 'jhasdga', 'hjsdfgshdf', NULL, NULL, NULL, '+91', '9845677950', 1, NULL, NULL, 0, 1, NULL, NULL, '$2y$10$FKLn.MW5WZfB3N.Q3k8jV.RYwsbH3BNkHEggyVwi7FZ8OKeJqFbdO', '2018-05-01 15:56:18', NULL, NULL, NULL, 1, 0, '2018-05-01 15:56:18', NULL),
(61, 'Priyanka', NULL, NULL, NULL, NULL, '+91', '7878909090', 3, 'Sister', NULL, 0, 1, NULL, NULL, NULL, '2018-05-01 15:56:35', 59, NULL, NULL, 0, 1, '2018-05-01 15:56:35', NULL),
(62, 'Gafetwty', 'Hghghgh', 'dart@gmail.com', NULL, '_1525190699_1525190698.jpeg', '+91', '9267189253', 2, NULL, '25c6f5327ec056acbd992594c22c8d4f', 1, 1, '', 1, '$2y$10$Z5PY0Csg6ysLvOze6R.IFOi1noPbE3DPVRwu.pygg4Kp4DZON8X3a', '2018-05-01 16:04:18', NULL, '1234567', 2, 1, 1, '2018-05-01 16:05:36', NULL),
(63, 'foggy', 'gffgfgfg', NULL, NULL, NULL, '+91', '9126783913', 1, NULL, NULL, 0, 1, NULL, NULL, '$2y$10$rGEry62If21DShVovS2gwuycuhpEjXc64rXNInmHdtIhCuC606kYi', '2018-05-01 16:05:36', NULL, NULL, NULL, 1, 0, '2018-05-01 16:05:36', NULL),
(64, 'fsgdgg', NULL, NULL, NULL, NULL, '+91', '23478122345', 3, 'Sister', NULL, 0, 1, NULL, NULL, NULL, '2018-05-01 16:05:52', 62, NULL, NULL, 0, 1, '2018-05-01 16:05:52', NULL),
(65, 'qw', 'qw', 'riy@gm.com', NULL, '_1525240986_1525240822827.jpg', '91', '3232323232', 2, NULL, '745e6ce08ae7100db2656a73ccfd9aef', 1, 1, '', 1, '$2y$10$w6fLTl8iiVBoGVCZpBsjoutks87THJn4dlQtj38CSbcTIotEA3OX6', '2018-05-02 05:52:57', NULL, '123456', 1, 1, 1, '2018-05-02 06:06:32', NULL),
(66, 'qw', 'qw', NULL, NULL, NULL, '+91', '1414141414', 1, NULL, NULL, 0, 1, NULL, NULL, '$2y$10$yMFTovS0CLlzmKLy3wpO8uauVepOIzyjCcW/SMiwOOPXWpYKOa2Fe', '2018-05-02 06:06:32', NULL, NULL, NULL, 1, 0, '2018-05-02 06:06:32', NULL),
(68, 'bb', NULL, NULL, NULL, NULL, '+93', '080808050505', 3, 'Mother', NULL, 0, 1, NULL, NULL, NULL, '2018-05-02 06:08:46', 65, NULL, NULL, 0, 1, '2018-05-02 06:08:46', NULL),
(69, 'bb', NULL, NULL, NULL, NULL, '+355', '999', 3, 'Brother', NULL, 0, 1, NULL, NULL, NULL, '2018-05-02 06:08:55', 65, NULL, NULL, 0, 1, '2018-05-02 06:08:55', NULL),
(70, 'Gfgf', 'Fgfgfg', 'hsg@gsg.com', NULL, '_1525252657_1525252656.jpeg', '+91', '9779977997', 2, NULL, '225196c7443f7f01a5e24745fc6edca2', 1, 1, '', 1, '$2y$10$2oa1ZZzuRBogVUA0ki9JfOj8fUlcvVFiGN/fcW9JTVWKrXYhtbWOG', '2018-05-02 09:17:04', NULL, '1234567', 2, 1, 1, '2018-05-02 09:18:29', NULL),
(71, 'fgfgfg', 'uopqw', NULL, NULL, NULL, '+91', '9123456654', 1, NULL, NULL, 0, 1, NULL, NULL, '$2y$10$RFT5.lwRm1dsZ70edCJwk.2f8cz0i9x9OtnblK4n9B.SAxFwk/lZS', '2018-05-02 09:18:29', NULL, NULL, NULL, 1, 0, '2018-05-02 09:18:29', NULL),
(72, 'Sfg', 'Gfsdg', 'far@fs.com', NULL, '_1525254331_1525254330.jpeg', '+91', '9119911991', 2, NULL, 'a32ee350b1f8b3b7d460c784b8028336', 1, 1, '', 1, '$2y$10$fj5zwQk90deoVn01ywnDqum1PPxbAdp0MowM1XKu6xZAZqbGkJ5Da', '2018-05-02 09:45:04', NULL, '1234567', 2, 1, 1, '2018-05-04 07:02:07', NULL),
(73, 'huff', 'fgfgfg', NULL, NULL, NULL, '+91', '7166524345', 1, NULL, NULL, 0, 1, NULL, NULL, '$2y$10$W00FaXti0ujA3JbUnb9t8.Iyj8Mtjuy1Iu.qFJLPtiEArNa1TD40O', '2018-05-02 09:46:09', NULL, NULL, NULL, 1, 0, '2018-05-02 09:46:09', NULL),
(74, 'Dev Mani', 'Shukla', 'devmanishukla.777@gmail.com', '2118432575056030', 'https://lookaside.facebook.com/platform/profilepic/?asid=2118432575056030&height=200&width=200&ext=1525521974&hash=AeSJCR3lRGXEU46C', '+91', '4767767670', 2, NULL, '6e01e2cce2bb71532886db3ff7ea3ae5', 1, 1, '', 1, NULL, '2018-05-02 12:08:46', NULL, '1234567', 2, 0, 1, '2018-05-02 13:57:30', NULL),
(75, NULL, NULL, NULL, NULL, NULL, '+91', '6735653647', 2, NULL, '64c852d4cb7a278b467fb951a171ce4b', 0, 1, '943348', NULL, '$2y$10$dFiLtawnHG7wAP74/yj5Oek9qyExE33X4oOewgHcp2sl/Nq79A6iO', '2018-05-02 12:17:32', NULL, '1234567', 2, 0, 1, '2018-05-02 12:17:32', NULL),
(76, 'Deepam', 'Sharma', 'deepam1sharma@gmail.com', '1932618503477531', 'https://lookaside.facebook.com/platform/profilepic/?asid=1932618503477531&height=200&width=200&ext=1525523764&hash=AeSFkU07myV53PCp', '+91', '6711525671', 0, NULL, '5b555102adf3b7da8bb228fe8809a95b', 1, 1, '', 1, NULL, '2018-05-02 12:36:15', NULL, '1234567', 2, 0, 1, '2018-05-02 13:50:44', NULL),
(77, NULL, NULL, NULL, NULL, NULL, '+91', '9125367132', 2, NULL, '34b1b9e3d5a454d6e2ee5ef73f9d31fc', 0, 1, '', 1, '$2y$10$g5jsLdAS9ha5mxt9R0lDRu5MjyXcHUYbdFvjCstzEwBBudXpAYpi2', '2018-05-02 13:00:27', NULL, '1234567', 2, 0, 1, '2018-05-02 13:00:33', NULL),
(78, 'vinod', 'bhandari', 'bhandari@gmail.com', NULL, '_1525277277_1524581351726.jpg', '91', '7291897371', 2, NULL, 'f977dcf053f93f016325bb1d8add7fcc', 1, 1, '', 1, '$2y$10$f2w4NxMd/WT9X9KlsRrj0.6QwJDHNoEKPMdYUy9pLxFR2Ybaicljq', '2018-05-02 16:07:11', NULL, '123456', 1, 1, 1, '2018-05-02 19:37:11', NULL),
(79, 'divya', 'negi', NULL, NULL, NULL, '+91', '9636562358', 1, NULL, NULL, 0, 1, NULL, NULL, '$2y$10$HRPjCXk5dj.Pr4g6XCa0..VyU4WcXzn3FdfLvdRTIjCGRbQVS3NdK', '2018-05-02 16:09:17', NULL, NULL, NULL, 1, 0, '2018-05-02 16:09:17', NULL),
(80, NULL, NULL, NULL, NULL, NULL, '+91', '7171717171', 2, NULL, '50f17e9b44f0ee2657260f0d4635cf78', 0, 1, '401770', NULL, '$2y$10$7FQGaADE40mVblX7oi0we.HeOxw97RljUH/XrjBV6fFfXnR9qyBom', '2018-05-03 09:41:54', NULL, '1234567', 2, 0, 1, '2018-05-03 09:41:54', NULL),
(81, 'V', 'Bhati', 'v@bh.com', NULL, '_1525340892_1525340891.jpeg', '+91', '080808080808', 1, NULL, '7267e0c3e81d93b3bd25eac53c1cf922', 1, 1, '', 1, '$2y$10$bsBUwpzW8xhRDGw78iQ67OU6hISdv0fwupCq/17FTnGlqT36yh7cS', '2018-05-03 09:46:09', NULL, '1234567', 2, 1, 1, '2018-05-03 09:50:50', NULL),
(82, 'BB', 'hh', NULL, NULL, NULL, '+91', '52356568980', 2, NULL, NULL, 0, 1, NULL, NULL, '$2y$10$wZ0y2Rq.nsCm6EqzAHbVnOedvvje9/NjBGgexymBOXVP/zji2J6U.', '2018-05-03 09:50:50', NULL, NULL, NULL, 1, 0, '2018-05-03 09:50:50', NULL),
(83, 'Mohini', 'Chand', 'm@g.com', NULL, '_1525341298_1525341292.jpeg', '+91', '9696969696', 1, NULL, '26fedee5559daf35ddd19722c150ff9d', 1, 1, '', 1, '$2y$10$9ZcekJtYrsrfqo8WSgfs7.Sw9iTsLGdpy3YOfqOP.vQt1wfF6Wgbm', '2018-05-03 09:52:58', NULL, '1234567', 2, 1, 1, '2018-05-03 10:37:47', NULL),
(84, 'qw', 'h', 'q@r.com', NULL, '_1525342500_1525342516592.jpg', '91', '12121212', 2, NULL, '37cd754cc36f82a8948fc2314459fe03', 1, 1, '', 1, '$2y$10$GgrHmKetpZsaMcJphPpZZ.UKeGK8veCpwxpqiVNmggx8Du1FFWFca', '2018-05-03 10:14:11', NULL, '123456', 1, 1, 1, '2018-05-03 10:16:21', NULL),
(85, 'bxxbx', 'bxbxbx', NULL, NULL, NULL, '+91', '123456368', 1, NULL, NULL, 0, 1, NULL, NULL, '$2y$10$tTsT0.rWWkITIC1nG9ydf.yCWtmMnCpakwrlXIY5SNtdXa4Fr6pJ2', '2018-05-03 10:16:21', NULL, NULL, NULL, 1, 0, '2018-05-03 10:16:21', NULL),
(86, 'gh', NULL, NULL, NULL, NULL, '+91', '123456786', 3, 'Mother', NULL, 0, 1, NULL, NULL, NULL, '2018-05-03 10:16:38', 84, NULL, NULL, 0, 1, '2018-05-03 10:16:38', NULL),
(87, 'hi', 'p phi', NULL, NULL, NULL, '+91', '', 2, NULL, NULL, 0, 1, NULL, NULL, '$2y$10$U/PhOiWV//RiGVxCImckDuDrS0Ixix2323unOohlWrLzMLxEE5rt6', '2018-05-03 10:37:47', NULL, NULL, NULL, 1, 0, '2018-05-03 10:37:47', NULL),
(88, 'Ffgererret', 'Dfdfdf', 'agf@gsg.com', NULL, '_1525345994_1525345992.jpeg', '+91', '2112211221', 2, NULL, '31f648b2e920768bc27326bf1ea6231b', 1, 1, '', 1, '$2y$10$hbM4XWzmIz0VKnWntK/KPeCEQnoR/NfXPQT.Ylbeq.5H4bsgP0Cku', '2018-05-03 11:12:31', NULL, '1234567', 2, 1, 1, '2018-05-03 11:43:12', NULL),
(89, 'ugh', 'Hugh', NULL, NULL, NULL, '+91', '9126735641', 1, NULL, NULL, 0, 1, NULL, NULL, '$2y$10$qzULc1/ubxXjRBvmoUIUx.5lz/pUDJtbr3TUWvmLK1LFvm9qPyU4y', '2018-05-03 11:13:51', NULL, NULL, NULL, 1, 0, '2018-05-03 11:13:52', NULL),
(90, 'Gffrt', 'Fsre', 'hg@gfsd.com', NULL, '_1525347948_1525347947.jpeg', '+91', '7655677655', 2, NULL, '1aa3acc3c5d80da66752909c83c02757', 1, 1, '', 1, '$2y$10$Le9ws3bIfcAiE.AThQbG8.HnZdJALP0mQrjaL5OOInViPOiNuYRTm', '2018-05-03 11:45:03', NULL, '1234567', 2, 1, 1, '2018-05-03 11:46:35', NULL),
(91, 'fgasfg', 'gag', NULL, NULL, NULL, '+91', '7125625345', 1, NULL, NULL, 0, 1, NULL, NULL, '$2y$10$/14SGAfz28gbb6zpadPQOO9gLdk0ErKcIyjr0mf6ua.9qi0ciUAVm', '2018-05-03 11:46:35', NULL, NULL, NULL, 1, 0, '2018-05-03 11:46:35', NULL),
(92, 'Sghd', 'Sfh', 'dgf@fdd.com', NULL, '_1525348436_1525348435.jpeg', '+91', '4343145234', 2, NULL, 'ab40c0abc0a16106fcbd646df5c37e61', 1, 1, '', 1, '$2y$10$AOhMw19HF60A4u47APCnJOjIGW53ZDK254gHz7m2mW/gPNLDoOBm.', '2018-05-03 11:53:26', NULL, '1234567', 2, 1, 1, '2018-05-03 11:54:49', NULL),
(93, 'fog', 'diff', NULL, NULL, NULL, '+91', '7676521234', 1, NULL, NULL, 0, 1, NULL, NULL, '$2y$10$fP25RjQkxYN/gdKU0ihNUelsI7YHLPgUw/UtdSYS20pLVZLV/kDZ2', '2018-05-03 11:54:49', NULL, NULL, NULL, 1, 0, '2018-05-03 11:54:49', NULL),
(94, 'Fgfg', 'Gffg', 'gafd@da.com', NULL, '_1525349103_1525349102.jpeg', '+91', '6543211234', 2, NULL, '40539d12745182ba721542786652bc95', 1, 1, '', 1, '$2y$10$hFRqyI8BWUjRa2p0d/abhO2yO8G5yUm0p6mAlEcKMV0ZTL1SA0WZO', '2018-05-03 12:04:35', NULL, '1234567', 2, 1, 1, '2018-05-03 12:05:40', NULL),
(95, 'high', 'high', NULL, NULL, NULL, '+91', '1672653452', 1, NULL, NULL, 0, 1, NULL, NULL, '$2y$10$hWZel65LXRWPR6PIBTGynuok5tmXz0fMhuZwm9GwQOzCPGUMXswR.', '2018-05-03 12:05:40', NULL, NULL, NULL, 1, 0, '2018-05-03 12:05:40', NULL),
(96, 'Jagtqy', 'Gfrtu', 'gat@tqq.com', NULL, '_1525351995_1525351994.jpeg', '+91', '1234567887', 2, NULL, 'a509f1fe97757808b03f5c52bcf9ca08', 1, 1, '', 1, '$2y$10$bY9Xo4cGJtdp8N76xYduoOJ86mR2KlIgtYTp.Plgv1Oa4DWltNFN6', '2018-05-03 12:52:22', NULL, '1234567', 2, 1, 1, '2018-05-03 12:53:53', NULL),
(97, 'gah', 'thug', NULL, NULL, NULL, '+91', '6152463894', 1, NULL, NULL, 0, 1, NULL, NULL, '$2y$10$IjXKiDwU.lGRqDCzitg8qO79Vou6aTReILzAGFxqKJ1UstQfpZqsO', '2018-05-03 12:53:53', NULL, NULL, NULL, 1, 0, '2018-05-03 12:53:53', NULL),
(98, 'neeraj', 'bisht', 'neer@gmail.com', NULL, '_1525353092_IMG_20180327_191015_HDR.jpg', '91', '9898989898', 2, NULL, '7f4864afd79d0eab64d65606ecb734f4', 1, 1, '', 1, '$2y$10$9Sgh6Z6Od338zEvo4S5UqOvb93c13E.RD9YxKobZtUKPjSrtPsTce', '2018-05-03 13:10:31', NULL, '123456', 1, 1, 1, '2018-05-03 13:12:37', NULL),
(99, 'Manisha', 'Rana', NULL, NULL, NULL, '+91', '9898989899', 1, NULL, NULL, 0, 1, NULL, NULL, '$2y$10$BUDsE0nEUnLX7p/tXhGyJOvoAJ3WctejeYd0qimnAO988JG8ZlxqW', '2018-05-03 13:12:37', NULL, NULL, NULL, 1, 0, '2018-05-03 13:12:37', NULL),
(100, 'Dx', 'Bv', 'sd@b.com', NULL, '_1525355768_1525355756.jpeg', '+91', '1818181818', 1, NULL, '80951cb9754009f87c99c97b2212ae86', 1, 1, '', 1, '$2y$10$FS2eLSedw95KykbFwttL4uFQ2Yv1JYtdhUp7sigND.cKCaYmo2N.O', '2018-05-03 13:55:23', NULL, '1234567', 2, 1, 1, '2018-05-03 14:03:39', NULL),
(101, 'hahaja', 'Gurjit', NULL, NULL, NULL, '+91', '8866444885', 2, NULL, NULL, 0, 1, NULL, NULL, '$2y$10$7x4cbKTWrqwLw3ZhspSD3..gpEq/rADyn7cHo31NskGUv7lDEagq6', '2018-05-03 14:03:39', NULL, NULL, NULL, 1, 0, '2018-05-03 14:03:39', NULL),
(103, 'Gh', 'Hh', 'vg@zx.com', NULL, '_1525356799_1525356795.jpeg', '+91', '454545454545', 1, NULL, 'f78d4934287a989fcb70a1fb991d10e5', 1, 1, '', 1, '$2y$10$jKILZzxhkwQcI6zo028AWuyk8SRFy4VJZCMUeitq9af4t4t5DtOo2', '2018-05-03 14:12:50', NULL, '1234567', 2, 1, 1, '2018-05-03 14:14:51', NULL),
(104, 'hhh', 'hhjjj', NULL, NULL, NULL, '+91', '8282323123', 2, NULL, NULL, 0, 1, NULL, NULL, '$2y$10$pQGmXtlx.e/tfwmPZ6i/5erXXmRoU33Iu4Nc/1Kqpvd0OxgYwsjmK', '2018-05-03 14:14:51', NULL, NULL, NULL, 1, 0, '2018-05-03 14:14:51', NULL),
(105, 'hg', NULL, NULL, NULL, NULL, '+91', '785767', 3, 'Sister', NULL, 0, 1, NULL, NULL, NULL, '2018-05-03 14:15:30', 103, NULL, NULL, 0, 1, '2018-05-03 14:15:30', NULL),
(106, 'Dhb', 'Gfc', 'gff@gff.com', NULL, '_1525357636_1525357634.jpeg', '+91', '14725831', 2, NULL, 'b1cf1bc6ee75529846ab822750be8033', 1, 1, '', 1, '$2y$10$IHC8OB5Jtl36V7vQ.L62VuPDZXgaddy0wlXwd7jdub4LI3IA3Qmp.', '2018-05-03 14:26:37', NULL, '1234567', 2, 1, 1, '2018-05-03 14:28:11', NULL),
(107, 'shh', 'fgbb', NULL, NULL, NULL, '+91', '9638527419', 1, NULL, NULL, 0, 1, NULL, NULL, '$2y$10$a2t1gS8ey805tA1bUzrb/umpHO7ZLv4sr5xKXpqd/fT6EFub4GFbq', '2018-05-03 14:28:11', NULL, NULL, NULL, 1, 0, '2018-05-03 14:28:11', NULL),
(108, 'Gah', 'Xgxg', 'gat@gmail.com', NULL, '_1525358656_1525358655.jpeg', '+91', '9182736405', 2, NULL, '081b5978959272483b4b249275b03848', 1, 1, '', 1, '$2y$10$qYz.oWIKt2vOXR4TBH/7ZudW0pqV.CzEu18rIoZhb7vO/t33ySwa.', '2018-05-03 14:43:31', NULL, '1234567', 2, 1, 1, '2018-05-03 14:49:11', NULL),
(109, 'ghdghd', 'tyytdy', NULL, NULL, NULL, '+91', '7189026354', 1, NULL, NULL, 0, 1, NULL, NULL, '$2y$10$noBSXSEWf3lNlsnddHgEEeHYGWzCmK/MZNBewFA3SlDPn1kefmSn.', '2018-05-03 14:45:05', NULL, NULL, NULL, 1, 0, '2018-05-03 14:45:06', NULL),
(110, 'fdgg', NULL, NULL, NULL, NULL, '+91', '6252439126', 3, 'Brother', NULL, 0, 1, NULL, NULL, NULL, '2018-05-03 14:45:35', 108, NULL, NULL, 0, 1, '2018-05-03 14:45:35', NULL),
(111, 'anki', 'shanki', 'shanki@gmail.com', NULL, '_1525408752_IMG_20180302_090100.jpg', '91', '9898989880', 1, NULL, 'be1d7a7b25456c407028292f84833776', 1, 1, '', 1, '$2y$10$t4eZohydeWudj8V8Rlnr7u1xATkHK3caqnyrU1dqd3ROcoja1SMy2', '2018-05-03 20:34:54', NULL, '123456', 1, 0, 1, '2018-05-04 04:39:12', NULL),
(112, 'priya', 'rana', 'rana@gmail.com', NULL, '_1525409271_1525409243622.jpg', '91', '2323232323', 1, NULL, '926f7a08287005aac5b97c2e917b7c5d', 1, 1, '', 1, '$2y$10$J59v/kR/cX5Qs8nWlILXLuSnU..ByrHyxPJTnCBGpJadxS03SjZfK', '2018-05-04 04:47:08', NULL, '123456', 1, 1, 1, '2018-05-04 04:48:44', NULL),
(113, 'Sooraj', 'Rana', NULL, NULL, NULL, '+91', '4545754578', 2, NULL, NULL, 0, 1, NULL, NULL, '$2y$10$QFdZhsf5xbQFdDOYfdjmi.GzgvLr3f0rn2NPySYHLZiga3NaPZzHe', '2018-05-04 04:48:44', NULL, NULL, NULL, 1, 0, '2018-05-04 04:48:44', NULL),
(114, 'seema', 'rana', 'sem@gmail.com', NULL, '_1525409937_1525409913868.jpg', '91', '7878784578', 1, NULL, 'b08d31569328a1ca78d3a6ae3486da3b', 1, 1, '', 1, '$2y$10$35buD.zfUslwJ8MHts29fe2BVHowUcVu.ht.YEs0eGYT5XOof9d2q', '2018-05-04 04:58:22', NULL, '123456', 1, 1, 1, '2018-05-04 05:00:31', NULL),
(115, 'Sandeep', 'Sukhla', NULL, NULL, NULL, '+91', '4512451245', 2, NULL, NULL, 0, 1, NULL, NULL, '$2y$10$VJvU2zdPNIMpM59WxP77cuf.A9c7MHwGaBmK.TsDczubyEg1CVMsy', '2018-05-04 05:00:31', NULL, NULL, NULL, 1, 0, '2018-05-04 05:00:31', NULL),
(116, 'dev', 'rana', 'devi@gmail.com', NULL, '_1525410626_1525410591848.jpg', '91', '2323232320', 2, NULL, '26ee042da55db6d531b4bc7c6d5f6aea', 1, 1, '', 1, '$2y$10$mjdt3DdwjAgXHwHiW5KN2e4BWwwuLCnL/D4JY4.wyVK7.ogMmIKsi', '2018-05-04 05:09:28', NULL, '123456', 1, 0, 1, '2018-05-04 05:10:26', NULL),
(117, 'Rrere', 'Erere', 'erre@hd.com', NULL, '_1525411978_1525411976.jpeg', '+91', '6127891826', 2, NULL, '3c4aa1ff91b12d3de111fd608e461ab9', 1, 1, '', 1, '$2y$10$RZqpdhXxrIVmRbPL9J8uSOrAXcG.RdWao95Ign//JsQJLi27z/Xya', '2018-05-04 05:32:17', NULL, '1234567', 2, 0, 1, '2018-05-04 05:32:58', NULL),
(118, 'ee', 'rr', 'yyy@gmail.com', NULL, '_1525412075_1525412058269.jpg', '91', '7474747474', 1, NULL, '21d1e4d6e862765300e437905404797e', 1, 1, '', 1, '$2y$10$I9aM6KVTZaPhPFS/LV4QBO6uXz2qkX2CjlEkkUVqll4Iyqhww/eqS', '2018-05-04 05:32:36', NULL, '123456', 1, 0, 1, '2018-05-04 06:11:03', NULL),
(119, 'Sfg', 'Gsfgsf', 'gdh@dsh.com', NULL, '_1525412627_1525412626.jpeg', '+91', '5256626262', 2, NULL, '31825f4fb808df6a37950af4704f8048', 1, 1, '', 1, '$2y$10$db8tTxpyJouSaX21MOeIZODv23gOOJ9WNnD.6Ci7Dfc4Ond4PZ5iq', '2018-05-04 05:43:19', NULL, '1234567', 2, 0, 1, '2018-05-04 05:43:47', NULL),
(120, 'Dw', 'Dwoi', 'ga@sh.cjhs', NULL, '_1525412774_1525412773.jpeg', '+91', '6177728901', 2, NULL, '85258f3edef5d67717d9490b4e231ef5', 1, 1, '', 1, '$2y$10$S8cRvcnt1vlseadvu5JquuERPnpq//22QVBkeooF3dWmgyJ8PVGvS', '2018-05-04 05:45:43', NULL, '1234567', 2, 0, 1, '2018-05-04 05:46:14', NULL),
(121, 'Ddgh', 'Dhgh', 'dh@dhs.com', NULL, '_1525412886_1525412885.jpeg', '+91', '9172890365', 2, NULL, 'a1d5c189ecb6765ef27869aceefe8e09', 1, 1, '', 1, '$2y$10$TNgQsunW8P3ekoojgDRBsuYHQ3raf/RnnDvTDG5qCYrSZxGZwLYA6', '2018-05-04 05:47:26', NULL, '1234567', 2, 0, 1, '2018-05-04 05:48:06', NULL),
(122, 'Gsgf', 'Gfgfgf', 'sgg@gdg.com', NULL, '_1525413024_1525413023.jpeg', '+91', '78787887655', 2, NULL, '8b6a8299c6351015db567c21468bab65', 1, 1, '', 1, '$2y$10$g6tHgYBqKJ1Y3GFkmuYnN.9pBdS4rYfuXOe7jac/hQs3xXsTjN0Om', '2018-05-04 05:49:56', NULL, '1234567', 2, 0, 1, '2018-05-04 05:50:24', NULL),
(123, 'Fds', 'dfgf', 'asg@gdh.com', NULL, '_1525413455_1525413453.jpeg', '+91', '8127657891', 2, NULL, 'b32dcfb39abeedb51be56bf08abf3db7', 1, 1, '', 1, '$2y$10$7An0eH2kpURURmR1SfgzfupL6x3kcSX5zRFlRMc4mJFq2jFnR9qEe', '2018-05-04 05:57:03', NULL, '1234567', 2, 0, 1, '2018-05-04 05:57:35', NULL),
(124, 'vg', 'bb', 'hh@gamil.com', NULL, '_1525413952_1525413935854.jpg', '91', '1212121212', 2, NULL, 'f2e36d458597f210e561c2a8f4469431', 1, 1, '', 1, '$2y$10$ajgxi.9VqKqNpbOu.q3dvuXIHcn83WfAZPWFqAotqsXVcG8i9oe9.', '2018-05-04 06:05:27', NULL, '123456', 1, 0, 1, '2018-05-04 06:05:52', NULL),
(125, 'Ffggfh', 'Fghghfhgf', 'gah@hf.com', NULL, '_1525414294_1525414293.jpeg', '+91', '7218902536', 2, NULL, 'fd25d04d293c695ca553ffdd971f4390', 1, 1, '', 1, '$2y$10$vKGSeR8ahObvLYHSULiAVuQmLXsre4R6gUBP8j6mbS4tleb/jhKJy', '2018-05-04 06:11:08', NULL, '1234567', 2, 0, 1, '2018-05-04 06:11:34', NULL),
(126, 'Gfg', 'Wrre', 'fsg@ghdfh.com', NULL, '_1525414499_1525414498.jpeg', '+91', '6190263789', 2, NULL, '0329201710cfb9314990a2d69b0beafd', 1, 1, '', 1, '$2y$10$dCyDZC.iygFpyV5CSRCJgOkU8wOKQio6yZ/ZJMntkhD.6MRquFdvu', '2018-05-04 06:14:31', NULL, '1234567', 2, 0, 1, '2018-05-04 06:14:59', NULL),
(127, 'neer', 'bb', 'bbb@gmail.com', NULL, '_1525414718_1525414683781.jpg', '91', '5555555555', 2, NULL, 'e1f0b252ef0d8a43dc77b8f68bcddaa7', 1, 1, '', 1, '$2y$10$Ey95PchuIjQ8PnHAu4dWter6.RkP/klx/ZXQdxStTJyFUtYox8IuO', '2018-05-04 06:16:39', NULL, '123456', 1, 0, 1, '2018-05-04 06:18:38', NULL),
(128, 'Fdhgj', 'Hdshg', 'dgh@tdfh.com', NULL, '_1525414737_1525414736.jpeg', '+91', '563788938', 2, NULL, 'd3c65b56add97e1605456840602bc698', 1, 1, '', 1, '$2y$10$Xo0R29qn3dXrrYpcoKoyPefN/eVoGwS3WEFOZAsHzJPul0lJ7Epr.', '2018-05-04 06:18:30', NULL, '1234567', 2, 0, 1, '2018-05-04 06:18:57', NULL),
(129, 'Fd', 'Hg', 'sdgh@ge.com', NULL, '_1525414845_1525414844.jpeg', '+91', '1234567896', 2, NULL, '55c3ee9a99f42d3b75143b488dd03e08', 1, 1, '', 1, '$2y$10$GgtwhDgOsozPTf9qqzPgJ.w3wA/Id8cNl5CY1uxAGXdzFdwEh7NpK', '2018-05-04 06:20:22', NULL, '1234567', 2, 0, 1, '2018-05-04 06:20:45', NULL),
(130, 'Ankit', 'sharma', 'anki@gmail.com', NULL, '_1525415168_1525415137050.jpg', '91', '8888888888', 2, NULL, 'a0874370433c8205c006d5a164e7ff19', 1, 1, '', 1, '$2y$10$b61namVdyGdLz6nwhxmKZ.3pocSYZPScbpi2icWDnSP8BlrYa/ZYi', '2018-05-04 06:25:18', NULL, '123456', 1, 1, 1, '2018-05-04 06:27:51', NULL),
(131, 'Seema', 'Sharma', NULL, NULL, NULL, '+91', '3636363636', 1, NULL, NULL, 0, 1, NULL, NULL, '$2y$10$F9dXVBfJ3uUC.T4qqMEH3uwWPM9X9bljg8tJe297lRe6d1uWqR04K', '2018-05-04 06:27:51', NULL, NULL, NULL, 1, 0, '2018-05-04 06:27:51', NULL),
(132, 'Rfffd', 'Jfgetr', 'gsh@gdh.com', NULL, '_1525415404_1525415403.jpeg', '+91', '7172899367', 2, NULL, '7273ea0ae6f52723564790946bcaaadf', 1, 1, '', 1, '$2y$10$TtssTurinwwxzY26AibUpeJKIo6RIgStgkvW7ASztKK7n5LZi1Dp.', '2018-05-04 06:29:33', NULL, '1234567', 2, 0, 1, '2018-05-04 06:30:04', NULL),
(133, 'Ghsdgh', 'Fgdfgd', 'sgg@hs.com', NULL, '_1525415865_1525415864.jpeg', '+91', '8178936918', 2, NULL, '506a9b50e4284501689d995aa162a844', 1, 1, '', 1, '$2y$10$KE0AzACN9wcVEJ8eIDKKduvoEN/7VUllKj8vtogxlDV/Jm/kriar2', '2018-05-04 06:37:16', NULL, '1234567', 2, 1, 1, '2018-05-04 06:39:50', NULL),
(134, 'hgsdhg', 'get', NULL, NULL, NULL, '+91', '7718901265', 1, NULL, NULL, 0, 1, NULL, NULL, '$2y$10$.z/hgElnK/TUj.5Mh5aTvOBgEMU0.zRMkfWiLY0p4GeKEA6xXCsXu', '2018-05-04 06:39:50', NULL, NULL, NULL, 1, 0, '2018-05-04 06:39:50', NULL);

-- --------------------------------------------------------

--
-- Table structure for table `wedding_detail`
--

CREATE TABLE `wedding_detail` (
  `id` int(11) NOT NULL,
  `groom_id` bigint(20) DEFAULT NULL,
  `groom_first_name` varchar(255) DEFAULT NULL,
  `groom_last_name` varchar(255) DEFAULT NULL,
  `groom_contact_number` varchar(255) DEFAULT NULL,
  `groom_image` text,
  `bride_id` bigint(20) DEFAULT NULL,
  `bride_first_name` varchar(255) DEFAULT NULL,
  `bride_last_name` varchar(255) DEFAULT NULL,
  `bride_contact_number` varchar(255) DEFAULT NULL,
  `bride_image` text,
  `location` text,
  `wedding_date` varchar(255) DEFAULT NULL,
  `created_at` timestamp NOT NULL DEFAULT CURRENT_TIMESTAMP,
  `updated_at` timestamp NOT NULL DEFAULT CURRENT_TIMESTAMP ON UPDATE CURRENT_TIMESTAMP
) ENGINE=InnoDB DEFAULT CHARSET=latin1;

--
-- Dumping data for table `wedding_detail`
--

INSERT INTO `wedding_detail` (`id`, `groom_id`, `groom_first_name`, `groom_last_name`, `groom_contact_number`, `groom_image`, `bride_id`, `bride_first_name`, `bride_last_name`, `bride_contact_number`, `bride_image`, `location`, `wedding_date`, `created_at`, `updated_at`) VALUES
(1, 23, 'gaurav', 'marvaha', '+91-8410107875', '1525079896_g_South-Indian-Food_150x150.jpg', 22, 'sonia', 'MEHENDIRATTA', '+91-8178503365', '1525079896_b_South-Indian-Food_150x150.jpg', 'noida', '14/05/2019', '2018-04-30 09:08:29', '2018-04-30 09:18:16'),
(6, 35, 'Pooja', 'Sharma', '+91-9897707070', '1525157968_g_images (8).jpg', 37, 'Test', 'Bride', '+91-9897707089', '1525157968_b_images.png', 'noida', '01-07-2018', '2018-05-01 06:59:28', '2018-05-01 06:59:28'),
(7, 38, 'Gffg', 'Fgfgfg', '+91-1234432143', '1525158237_g_1525158236.jpeg', 39, 'hfgfg', 'fgfgfg', '+91-5253763542', '1525158237_b_1525158236.jpeg', 'Houston, TX, USA', '10-05-2018', '2018-05-01 07:03:58', '2018-05-01 07:03:58'),
(8, 42, 'Raju', 'Saini', '+91-9760777934', '1525174063_g_1525174056.jpeg', NULL, 'Raju', 'Saini', '+91-8527350945', '1525174063_b_1525174056.jpeg', '65, Sector 63 Rd, A Block, Sector 63, Noida, Uttar Pradesh 201307, India', '28-11-2018', '2018-05-01 11:22:42', '2018-05-01 11:27:43'),
(9, 50, 'User', 'One', '+91-9816725367', '1525187436_g_1525187435.jpeg', 51, 'retreat', 'Garett', '+91-9812663718', '1525187436_b_1525187435.jpeg', 'Guadalajara, Jalisco, Mexico', '10-05-2018', '2018-05-01 15:10:37', '2018-05-01 15:10:37'),
(10, 53, 'X Xbxb', 'Vbb', '+91-123456789', '1525187655_g_1525187651582.jpg', NULL, 'y', 'u', '+91-0808080808', '1525187655_b_1525187571392.jpg', 'Hj', '2018-5-1', '2018-05-01 15:14:15', '2018-05-01 15:14:15'),
(11, 55, 'Fgsgf', 'Fgdgfdgf', '+91-9127893456', '1525189745_g_1525189744.jpeg', 56, 'fight', 'gfdghdg', '+91-9126789345', '1525189745_b_1525189744.jpeg', 'Japan', '09-05-2018', '2018-05-01 15:49:05', '2018-05-01 15:49:05'),
(12, 59, 'Test', 'User', '+91-9898003344', '1525190178_g_1525190177.jpeg', 60, 'jhasdga', 'hjsdfgshdf', '+91-9845677950', '1525190178_b_1525190177.jpeg', 'Noida, Uttar Pradesh, India', '01-07-2018', '2018-05-01 15:56:18', '2018-05-01 15:56:18'),
(13, 62, 'Gafetwty', 'Hghghgh', '+91-9267189253', '1525190736_g_1525190735.jpeg', 63, 'foggy', 'gffgfgfg', '+91-9126783913', '1525190736_b_1525190735.jpeg', 'Houston, TX, USA', '09-05-2018', '2018-05-01 16:05:36', '2018-05-01 16:05:36'),
(14, 65, 'qw', 'qw', '+91-3232323232', '1525241192_g_1525240822827.jpg', 66, 'qw', 'qw', '+91-1414141414', '1525241192_b_1525241187087.jpg', 'noida', '2018-5-2', '2018-05-02 06:06:32', '2018-05-02 06:06:32'),
(15, 70, 'Gfgf', 'Fgfgfg', '+91-9779977997', '1525252709_g_1525252708.jpeg', 71, 'fgfgfg', 'uopqw', '+91-9123456654', '1525252709_b_1525252708.jpeg', 'Guadalajara, Jalisco, Mexico', '22-05-2018', '2018-05-02 09:18:29', '2018-05-02 09:18:29'),
(16, 72, 'Sfg', 'Gfsdg', '+91-9119911991', '1525254369_g_1525254368.jpeg', 73, 'huff', 'fgfgfg', '+91-7166524345', '1525254369_b_1525254368.jpeg', 'Gujarat, India', '15-05-2018', '2018-05-02 09:46:09', '2018-05-02 09:46:09'),
(17, 78, 'vinod', 'bhandari', '+91-7291897371', '1525277357_g_1524581351726.jpg', 79, 'divya', 'negi', '+91-9636562358', '1525277357_b_1525277341584.jpg', 'Noida sector 65', '2018-5-27', '2018-05-02 16:09:17', '2018-05-02 16:09:17'),
(18, 82, 'BB', 'hh', '+91-52356568980', '1525341050_g_1525341046.jpeg', NULL, 'V', 'Bhati', '+91-080808080808', '1525341050_b_1525341046.jpeg', 'New Ashok Nagar Rd, India', '03-05-2019', '2018-05-03 09:50:50', '2018-05-03 09:50:50'),
(19, 84, 'qw', 'h', '+91-12121212', '1525342581_g_1525342516592.jpg', 85, 'bxxbx', 'bxbxbx', '+91-123456368', '1525342581_b_1525342613797.jpg', 'noida', '2018-5-3', '2018-05-03 10:16:21', '2018-05-03 10:16:21'),
(20, 87, 'hi', 'p phi', '+91-', '1525343867_g_1525343865.jpeg', NULL, 'Mohini', 'Chand', '+91-9696969696', '1525343867_b_1525343865.jpeg', 'Noida, Uttar Pradesh, India', '03-05-2018', '2018-05-03 10:37:47', '2018-05-03 10:37:47'),
(21, 88, 'Ffgererret', 'Dfdfdf', '+91-2112211221', '1525346031_g_1525346030.jpeg', 89, 'ugh', 'Hugh', '+91-9126735641', '1525346031_b_1525346030.jpeg', 'Jakarta, Indonesia', '21-05-2018', '2018-05-03 11:13:52', '2018-05-03 11:13:52'),
(22, 90, 'Gffrt', 'Fsre', '+91-7655677655', '1525347995_g_1525347993.jpeg', 91, 'fgasfg', 'gag', '+91-7125625345', '1525347995_b_1525347993.jpeg', 'Jakarta, Indonesia', '14-05-2018', '2018-05-03 11:46:35', '2018-05-03 11:46:35'),
(23, 92, 'Sghd', 'Sfh', '+91-4343145234', '1525348489_g_1525348487.jpeg', 93, 'fog', 'diff', '+91-7676521234', '1525348489_b_1525348487.jpeg', '4040 Jyllinge, Denmark', '05-06-2018', '2018-05-03 11:54:49', '2018-05-03 11:54:49'),
(24, 94, 'Fgfg', 'Gffg', '+91-6543211234', '1525349140_g_1525349138.jpeg', 95, 'high', 'high', '+91-1672653452', '1525349140_b_1525349138.jpeg', 'Jeddah Saudi Arabia', '13-05-2018', '2018-05-03 12:05:40', '2018-05-03 12:05:40'),
(25, 96, 'Jagtqy', 'Gfrtu', '+91-1234567887', '1525352033_g_1525352032.jpeg', 97, 'gah', 'thug', '+91-6152463894', '1525352033_b_1525352032.jpeg', 'Uttar Pradesh, India', '04-06-2018', '2018-05-03 12:53:53', '2018-05-03 12:53:53'),
(26, 98, 'neeraj', 'bisht', '+91-9898989898', '1525353157_g_IMG_20180327_191015_HDR.jpg', 99, 'Manisha', 'Rana', '+91-9898989899', '1525353157_b_1525353101666.jpg', 'Noida', '2018-5-26', '2018-05-03 13:12:37', '2018-05-03 13:12:37'),
(27, 101, 'hahaja', 'Gurjit', '+91-8866444885', '1525356219_g_1525356217.jpeg', NULL, 'Dx', 'Bv', '+91-1818181818', '1525356219_b_1525356217.jpeg', 'Bhur Bharat Nagar, Railway Colony, Madhopura, Bhur Bharat Nagar, Railway Colony, Madhopura, Ghaziabad, Uttar Pradesh 201009, India', '05-05-2019', '2018-05-03 14:03:39', '2018-05-03 14:03:39'),
(28, 104, 'hhh', 'hhjjj', '+91-8282323123', '1525356891_g_1525356872.jpeg', NULL, 'Gh', 'Hh', '+91-454545454545', '1525356891_b_1525356872.jpeg', 'Kolkata, West Bengal, India', '05-05-2018', '2018-05-03 14:14:51', '2018-05-03 14:14:51'),
(29, 106, 'Dhb', 'Gfc', '+91-14725831', '1525357691_g_1525357689.jpeg', 107, 'shh', 'fgbb', '+91-9638527419', '1525357691_b_1525357689.jpeg', 'Houston, TX, USA', '06-07-2018', '2018-05-03 14:28:11', '2018-05-03 14:28:11'),
(30, 108, 'Gah', 'Xgxg', '+91-9182736405', '1525358705_g_1525358704.jpeg', 109, 'ghdghd', 'tyytdy', '+91-7189026354', '1525358705_b_1525358704.jpeg', 'Draper, UT, USA', '04-06-2018', '2018-05-03 14:45:06', '2018-05-03 14:45:06'),
(31, 113, 'Sooraj', 'Rana', '+91-4545754578', '1525409324_g_1525409281222.jpg', NULL, 'priya', 'rana', '+null-2323232323', '1525409324_b_1525409243622.jpg', 'Hgh', '2018-5-25', '2018-05-04 04:48:44', '2018-05-04 04:48:44'),
(32, 115, 'Sandeep', 'Sukhla', '+91-4512451245', '1525410240_g_1525409948463.jpg', NULL, 'seema', 'rana', '+null-7878784578', '1525410240_b_1525409913868.jpg', 'Bb', '2018-5-26', '2018-05-04 05:00:31', '2018-05-04 05:04:00'),
(33, 130, 'Ankit', 'sharma', '+91-8888888888', '1525415271_g_1525415137050.jpg', 131, 'Seema', 'Sharma', '+91-3636363636', '1525415271_b_1525415246969.jpg', 'The Celebratiin garden new new ashok nagar delhi india', '2018-5-31', '2018-05-04 06:27:51', '2018-05-04 06:27:51'),
(34, 133, 'Ghsdgh', 'Fgdfgd', '+91-8178936918', '1525415990_g_1525415989.jpeg', 134, 'hgsdhg', 'get', '+91-7718901265', '1525415990_b_1525415989.jpeg', 'Hyderabad, Telangana, India', '04-05-2022', '2018-05-04 06:39:50', '2018-05-04 06:39:50');

--
-- Indexes for dumped tables
--

--
-- Indexes for table `attachments`
--
ALTER TABLE `attachments`
  ADD PRIMARY KEY (`id`);

--
-- Indexes for table `contacts`
--
ALTER TABLE `contacts`
  ADD PRIMARY KEY (`id`);

--
-- Indexes for table `feeds`
--
ALTER TABLE `feeds`
  ADD PRIMARY KEY (`id`);

--
-- Indexes for table `function`
--
ALTER TABLE `function`
  ADD PRIMARY KEY (`id`);

--
-- Indexes for table `hidden_feeds`
--
ALTER TABLE `hidden_feeds`
  ADD PRIMARY KEY (`id`);

--
-- Indexes for table `invites`
--
ALTER TABLE `invites`
  ADD PRIMARY KEY (`id`);

--
-- Indexes for table `report_feeds`
--
ALTER TABLE `report_feeds`
  ADD PRIMARY KEY (`id`);

--
-- Indexes for table `users`
--
ALTER TABLE `users`
  ADD PRIMARY KEY (`id`);

--
-- Indexes for table `wedding_detail`
--
ALTER TABLE `wedding_detail`
  ADD PRIMARY KEY (`id`);

--
-- AUTO_INCREMENT for dumped tables
--

--
-- AUTO_INCREMENT for table `attachments`
--
ALTER TABLE `attachments`
  MODIFY `id` int(11) NOT NULL AUTO_INCREMENT, AUTO_INCREMENT=76;
--
-- AUTO_INCREMENT for table `contacts`
--
ALTER TABLE `contacts`
  MODIFY `id` int(11) NOT NULL AUTO_INCREMENT, AUTO_INCREMENT=740;
--
-- AUTO_INCREMENT for table `feeds`
--
ALTER TABLE `feeds`
  MODIFY `id` bigint(20) NOT NULL AUTO_INCREMENT, AUTO_INCREMENT=34;
--
-- AUTO_INCREMENT for table `function`
--
ALTER TABLE `function`
  MODIFY `id` bigint(20) NOT NULL AUTO_INCREMENT, AUTO_INCREMENT=56;
--
-- AUTO_INCREMENT for table `hidden_feeds`
--
ALTER TABLE `hidden_feeds`
  MODIFY `id` bigint(20) NOT NULL AUTO_INCREMENT;
--
-- AUTO_INCREMENT for table `invites`
--
ALTER TABLE `invites`
  MODIFY `id` bigint(20) NOT NULL AUTO_INCREMENT, AUTO_INCREMENT=45;
--
-- AUTO_INCREMENT for table `report_feeds`
--
ALTER TABLE `report_feeds`
  MODIFY `id` bigint(20) NOT NULL AUTO_INCREMENT, AUTO_INCREMENT=2;
--
-- AUTO_INCREMENT for table `users`
--
ALTER TABLE `users`
  MODIFY `id` bigint(20) NOT NULL AUTO_INCREMENT, AUTO_INCREMENT=135;
--
-- AUTO_INCREMENT for table `wedding_detail`
--
ALTER TABLE `wedding_detail`
  MODIFY `id` int(11) NOT NULL AUTO_INCREMENT, AUTO_INCREMENT=35;
/*!40101 SET CHARACTER_SET_CLIENT=@OLD_CHARACTER_SET_CLIENT */;
/*!40101 SET CHARACTER_SET_RESULTS=@OLD_CHARACTER_SET_RESULTS */;
/*!40101 SET COLLATION_CONNECTION=@OLD_COLLATION_CONNECTION */;
